Date,Time,Away,Away_R,Home_R,Home,Stadium,Review_URL,gameId
2026.03.28,14:00,KT,11.0,7.0,LG,잠실,20260328KTLG0,20260328KTLG0
2026.03.28,14:00,KIA,6.0,7.0,SSG,문학,20260328HTSK0,20260328HTSK0
2026.03.28,14:00,롯데,6.0,3.0,삼성,대구,20260328LTSS0,20260328LTSS0
2026.03.28,14:00,두산,0.0,6.0,NC,창원,20260328OBNC0,20260328OBNC0
2026.03.28,14:00,키움,9.0,10.0,한화,대전,20260328WOHH0,20260328WOHH0
2026.03.29,14:00,KT,6.0,5.0,LG,잠실,20260329KTLG0,20260329KTLG0
2026.03.29,14:00,KIA,6.0,11.0,SSG,문학,20260329HTSK0,20260329HTSK0
2026.03.29,14:00,롯데,6.0,2.0,삼성,대구,20260329LTSS0,20260329LTSS0
2026.03.29,14:00,두산,9.0,6.0,NC,창원,20260329OBNC0,20260329OBNC0
2026.03.29,14:00,키움,4.0,10.0,한화,대전,20260329WOHH0,20260329WOHH0
2026.03.31,18:30,KIA,7.0,2.0,LG,잠실,20260331HTLG0,20260331HTLG0
2026.03.31,18:30,키움,3.0,9.0,SSG,문학,20260331WOSK0,20260331WOSK0
2026.03.31,18:30,두산,5.0,5.0,삼성,대구,20260331OBSS0,20260331OBSS0
2026.03.31,18:30,롯데,2.0,9.0,NC,창원,20260331LTNC0,20260331LTNC0
2026.03.31,18:30,KT,9.0,4.0,한화,대전,20260331KTHH0,20260331KTHH0
2026.04.01,18:30,KIA,2.0,7.0,LG,잠실,20260401HTLG0,20260401HTLG0
2026.04.01,18:30,키움,11.0,2.0,SSG,문학,20260401WOSK0,20260401WOSK0
2026.04.01,18:30,두산,3.0,13.0,삼성,대구,20260401OBSS0,20260401OBSS0
2026.04.01,18:30,롯데,4.0,5.0,NC,창원,20260401LTNC0,20260401LTNC0
2026.04.01,18:30,KT,14.0,11.0,한화,대전,20260401KTHH0,20260401KTHH0
2026.04.02,18:30,KIA,1.0,2.0,LG,잠실,20260402HTLG0,20260402HTLG0
2026.04.02,18:30,키움,1.0,11.0,SSG,문학,20260402WOSK0,20260402WOSK0
2026.04.02,18:30,두산,2.0,5.0,삼성,대구,20260402OBSS0,20260402OBSS0
2026.04.02,18:30,롯데,4.0,8.0,NC,창원,20260402LTNC0,20260402LTNC0
2026.04.02,18:30,KT,13.0,8.0,한화,대전,20260402KTHH0,20260402KTHH0
2026.04.03,18:30,한화,11.0,6.0,두산,잠실,20260403HHOB0,20260403HHOB0
2026.04.03,18:30,SSG,17.0,2.0,롯데,사직,20260403SKLT0,20260403SKLT0
2026.04.03,18:30,삼성,2.0,1.0,KT,수원,20260403SSKT0,20260403SSKT0
2026.04.03,18:30,NC,5.0,2.0,KIA,광주,20260403NCHT0,20260403NCHT0
2026.04.03,18:30,LG,2.0,5.0,키움,고척,20260403LGWO0,20260403LGWO0
2026.04.04,14:00,한화,9.0,3.0,두산,잠실,20260404HHOB0,20260404HHOB0
2026.04.04,17:00,SSG,7.0,6.0,롯데,사직,20260404SKLT0,20260404SKLT0
2026.04.04,17:00,삼성,8.0,6.0,KT,수원,20260404SSKT0,20260404SSKT0
2026.04.04,17:00,NC,6.0,0.0,KIA,광주,20260404NCHT0,20260404NCHT0
2026.04.04,17:00,LG,6.0,4.0,키움,고척,20260404LGWO0,20260404LGWO0
2026.04.05,14:00,한화,0.0,8.0,두산,잠실,20260405HHOB0,20260405HHOB0
2026.04.05,14:00,SSG,4.0,3.0,롯데,사직,20260405SKLT0,20260405SKLT0
2026.04.05,14:00,삼성,0.0,2.0,KT,수원,20260405SSKT0,20260405SSKT0
2026.04.05,14:00,NC,0.0,3.0,KIA,광주,20260405NCHT0,20260405NCHT0
2026.04.05,14:00,LG,6.0,5.0,키움,고척,20260405LGWO0,20260405LGWO0
2026.04.07,18:30,키움,5.0,2.0,두산,잠실,20260407WOOB0,20260407WOOB0
2026.04.07,18:30,한화,6.0,2.0,SSG,문학,20260407HHSK0,20260407HHSK0
2026.04.07,18:30,KT,7.0,3.0,롯데,사직,20260407KTLT0,20260407KTLT0
2026.04.07,18:30,LG,2.0,0.0,NC,창원,20260407LGNC0,20260407LGNC0
2026.04.07,18:30,삼성,10.0,3.0,KIA,광주,20260407SSHT0,20260407SSHT0
2026.04.08,18:30,키움,3.0,7.0,두산,잠실,20260408WOOB0,20260408WOOB0
2026.04.08,18:30,한화,4.0,3.0,SSG,문학,20260408HHSK0,20260408HHSK0
2026.04.08,18:30,KT,1.0,6.0,롯데,사직,20260408KTLT0,20260408KTLT0
2026.04.08,18:30,LG,5.0,4.0,NC,창원,20260408LGNC0,20260408LGNC0
2026.04.08,18:30,삼성,5.0,15.0,KIA,광주,20260408SSHT0,20260408SSHT0
2026.04.10,18:30,SSG,2.0,10.0,LG,잠실,20260410SKLG0,20260410SKLG0
2026.04.10,18:30,NC,5.0,8.0,삼성,대구,20260410NCSS0,20260410NCSS0
2026.04.10,18:30,두산,8.0,7.0,KT,수원,20260410OBKT0,20260410OBKT0
2026.04.10,18:30,롯데,3.0,1.0,키움,고척,20260410LTWO0,20260410LTWO0
2026.04.10,18:30,KIA,6.0,5.0,한화,대전,20260410HTHH0,20260410HTHH0
2026.04.11,14:00,KIA,6.0,5.0,한화,대전,20260411HTHH0,20260411HTHH0
2026.04.11,17:00,SSG,3.0,4.0,LG,잠실,20260411SKLG0,20260411SKLG0
2026.04.11,17:00,NC,4.0,5.0,삼성,대구,20260411NCSS0,20260411NCSS0
2026.04.11,17:00,두산,4.0,6.0,KT,수원,20260411OBKT0,20260411OBKT0
2026.04.11,17:00,롯데,3.0,1.0,키움,고척,20260411LTWO0,20260411LTWO0
2026.04.12,14:00,SSG,1.0,9.0,LG,잠실,20260412SKLG0,20260412SKLG0
2026.04.12,14:00,NC,3.0,9.0,삼성,대구,20260412NCSS0,20260412NCSS0
2026.04.12,14:00,두산,1.0,6.0,KT,수원,20260412OBKT0,20260412OBKT0
2026.04.12,14:00,롯데,0.0,2.0,키움,고척,20260412LTWO0,20260412LTWO0
2026.04.12,14:00,KIA,9.0,3.0,한화,대전,20260412HTHH0,20260412HTHH0
2026.04.14,18:30,롯데,,,LG,잠실,20260414LTLG0,20260414LTLG0
2026.04.14,18:30,두산,,,SSG,문학,20260414OBSK0,20260414OBSK0
2026.04.14,18:30,KT,,,NC,창원,20260414KTNC0,20260414KTNC0
2026.04.14,18:30,키움,,,KIA,광주,20260414WOHT0,20260414WOHT0
2026.04.14,18:30,삼성,,,한화,대전,20260414SSHH0,20260414SSHH0
2026.04.15,18:30,롯데,,,LG,잠실,20260415LTLG0,20260415LTLG0
2026.04.15,18:30,두산,,,SSG,문학,20260415OBSK0,20260415OBSK0
2026.04.15,18:30,KT,,,NC,창원,20260415KTNC0,20260415KTNC0
2026.04.15,18:30,키움,,,KIA,광주,20260415WOHT0,20260415WOHT0
2026.04.15,18:30,삼성,,,한화,대전,20260415SSHH0,20260415SSHH0
2026.04.16,18:30,롯데,,,LG,잠실,20260416LTLG0,20260416LTLG0
2026.04.16,18:30,두산,,,SSG,문학,20260416OBSK0,20260416OBSK0
2026.04.16,18:30,KT,,,NC,창원,20260416KTNC0,20260416KTNC0
2026.04.16,18:30,키움,,,KIA,광주,20260416WOHT0,20260416WOHT0
2026.04.16,18:30,삼성,,,한화,대전,20260416SSHH0,20260416SSHH0
2026.04.17,18:30,KIA,,,두산,잠실,20260417HTOB0,20260417HTOB0
2026.04.17,18:30,한화,,,롯데,사직,20260417HHLT0,20260417HHLT0
2026.04.17,18:30,LG,,,삼성,대구,20260417LGSS0,20260417LGSS0
2026.04.17,18:30,SSG,,,NC,창원,20260417SKNC0,20260417SKNC0
2026.04.17,18:30,키움,,,KT,수원,20260417WOKT0,20260417WOKT0
2026.04.18,14:00,LG,,,삼성,대구,20260418LGSS0,20260418LGSS0
2026.04.18,17:00,KIA,,,두산,잠실,20260418HTOB0,20260418HTOB0
2026.04.18,17:00,한화,,,롯데,사직,20260418HHLT0,20260418HHLT0
2026.04.18,17:00,SSG,,,NC,창원,20260418SKNC0,20260418SKNC0
2026.04.18,17:00,키움,,,KT,수원,20260418WOKT0,20260418WOKT0
2026.04.19,14:00,KIA,,,두산,잠실,20260419HTOB0,20260419HTOB0
2026.04.19,14:00,한화,,,롯데,사직,20260419HHLT0,20260419HHLT0
2026.04.19,14:00,LG,,,삼성,대구,20260419LGSS0,20260419LGSS0
2026.04.19,14:00,SSG,,,NC,창원,20260419SKNC0,20260419SKNC0
2026.04.19,17:00,키움,,,KT,수원,20260419WOKT0,20260419WOKT0
2026.04.21,18:30,한화,,,LG,잠실,20260421HHLG0,20260421HHLG0
2026.04.21,18:30,두산,,,롯데,사직,20260421OBLT0,20260421OBLT0
2026.04.21,18:30,SSG,,,삼성,대구,20260421SKSS0,20260421SKSS0
2026.04.21,18:30,KIA,,,KT,수원,20260421HTKT0,20260421HTKT0
2026.04.21,18:30,NC,,,키움,고척,20260421NCWO0,20260421NCWO0
2026.04.22,18:30,한화,,,LG,잠실,20260422HHLG0,20260422HHLG0
2026.04.22,18:30,두산,,,롯데,사직,20260422OBLT0,20260422OBLT0
2026.04.22,18:30,SSG,,,삼성,대구,20260422SKSS0,20260422SKSS0
2026.04.22,18:30,KIA,,,KT,수원,20260422HTKT0,20260422HTKT0
2026.04.22,18:30,NC,,,키움,고척,20260422NCWO0,20260422NCWO0
2026.04.23,18:30,한화,,,LG,잠실,20260423HHLG0,20260423HHLG0
2026.04.23,18:30,두산,,,롯데,사직,20260423OBLT0,20260423OBLT0
2026.04.23,18:30,SSG,,,삼성,대구,20260423SKSS0,20260423SKSS0
2026.04.23,18:30,KIA,,,KT,수원,20260423HTKT0,20260423HTKT0
2026.04.23,18:30,NC,,,키움,고척,20260423NCWO0,20260423NCWO0
2026.04.24,18:30,LG,,,두산,잠실,20260424LGOB0,20260424LGOB0
2026.04.24,18:30,KT,,,SSG,문학,20260424KTSK0,20260424KTSK0
2026.04.24,18:30,롯데,,,KIA,광주,20260424LTHT0,20260424LTHT0
2026.04.24,18:30,삼성,,,키움,고척,20260424SSWO0,20260424SSWO0
2026.04.24,18:30,NC,,,한화,대전,20260424NCHH0,20260424NCHH0
2026.04.25,14:00,LG,,,두산,잠실,20260425LGOB0,20260425LGOB0
2026.04.25,17:00,KT,,,SSG,문학,20260425KTSK0,20260425KTSK0
2026.04.25,17:00,롯데,,,KIA,광주,20260425LTHT0,20260425LTHT0
2026.04.25,17:00,삼성,,,키움,고척,20260425SSWO0,20260425SSWO0
2026.04.25,17:00,NC,,,한화,대전,20260425NCHH0,20260425NCHH0
2026.04.26,14:00,LG,,,두산,잠실,20260426LGOB0,20260426LGOB0
2026.04.26,14:00,KT,,,SSG,문학,20260426KTSK0,20260426KTSK0
2026.04.26,14:00,롯데,,,KIA,광주,20260426LTHT0,20260426LTHT0
2026.04.26,14:00,삼성,,,키움,고척,20260426SSWO0,20260426SSWO0
2026.04.26,14:00,NC,,,한화,대전,20260426NCHH0,20260426NCHH0
2026.04.28,18:30,삼성,,,두산,잠실,20260428SSOB0,20260428SSOB0
2026.04.28,18:30,키움,,,롯데,사직,20260428WOLT0,20260428WOLT0
2026.04.28,18:30,KIA,,,NC,창원,20260428HTNC0,20260428HTNC0
2026.04.28,18:30,LG,,,KT,수원,20260428LGKT0,20260428LGKT0
2026.04.28,18:30,SSG,,,한화,대전,20260428SKHH0,20260428SKHH0
2026.04.29,18:30,삼성,,,두산,잠실,20260429SSOB0,20260429SSOB0
2026.04.29,18:30,키움,,,롯데,사직,20260429WOLT0,20260429WOLT0
2026.04.29,18:30,KIA,,,NC,창원,20260429HTNC0,20260429HTNC0
2026.04.29,18:30,LG,,,KT,수원,20260429LGKT0,20260429LGKT0
2026.04.29,18:30,SSG,,,한화,대전,20260429SKHH0,20260429SKHH0
2026.04.30,18:30,삼성,,,두산,잠실,20260430SSOB0,20260430SSOB0
2026.04.30,18:30,키움,,,롯데,사직,20260430WOLT0,20260430WOLT0
2026.04.30,18:30,KIA,,,NC,창원,20260430HTNC0,20260430HTNC0
2026.04.30,18:30,LG,,,KT,수원,20260430LGKT0,20260430LGKT0
2026.04.30,18:30,SSG,,,한화,대전,20260430SKHH0,20260430SKHH0
2026.05.01,17:00,NC,,,LG,잠실,20260501NCLG0,20260501NCLG0
2026.05.01,17:00,롯데,,,SSG,문학,20260501LTSK0,20260501LTSK0
2026.05.01,17:00,한화,,,삼성,대구,20260501HHSS0,20260501HHSS0
2026.05.01,17:00,KT,,,KIA,광주,20260501KTHT0,20260501KTHT0
2026.05.01,17:00,두산,,,키움,고척,20260501OBWO0,20260501OBWO0
2026.05.02,17:00,NC,,,LG,잠실,20260502NCLG0,20260502NCLG0
2026.05.02,17:00,롯데,,,SSG,문학,20260502LTSK0,20260502LTSK0
2026.05.02,17:00,한화,,,삼성,대구,20260502HHSS0,20260502HHSS0
2026.05.02,17:00,KT,,,KIA,광주,20260502KTHT0,20260502KTHT0
2026.05.02,17:00,두산,,,키움,고척,20260502OBWO0,20260502OBWO0
2026.05.03,14:00,NC,,,LG,잠실,20260503NCLG0,20260503NCLG0
2026.05.03,14:00,롯데,,,SSG,문학,20260503LTSK0,20260503LTSK0
2026.05.03,14:00,한화,,,삼성,대구,20260503HHSS0,20260503HHSS0
2026.05.03,14:00,KT,,,KIA,광주,20260503KTHT0,20260503KTHT0
2026.05.03,14:00,두산,,,키움,고척,20260503OBWO0,20260503OBWO0
2026.05.05,14:00,두산,,,LG,잠실,20260505OBLG0,20260505OBLG0
2026.05.05,14:00,NC,,,SSG,문학,20260505NCSK0,20260505NCSK0
2026.05.05,14:00,키움,,,삼성,대구,20260505WOSS0,20260505WOSS0
2026.05.05,14:00,롯데,,,KT,수원,20260505LTKT0,20260505LTKT0
2026.05.05,14:00,한화,,,KIA,광주,20260505HHHT0,20260505HHHT0
2026.05.06,18:30,두산,,,LG,잠실,20260506OBLG0,20260506OBLG0
2026.05.06,18:30,NC,,,SSG,문학,20260506NCSK0,20260506NCSK0
2026.05.06,18:30,키움,,,삼성,대구,20260506WOSS0,20260506WOSS0
2026.05.06,18:30,롯데,,,KT,수원,20260506LTKT0,20260506LTKT0
2026.05.06,18:30,한화,,,KIA,광주,20260506HHHT0,20260506HHHT0
2026.05.07,18:30,두산,,,LG,잠실,20260507OBLG0,20260507OBLG0
2026.05.07,18:30,NC,,,SSG,문학,20260507NCSK0,20260507NCSK0
2026.05.07,18:30,키움,,,삼성,대구,20260507WOSS0,20260507WOSS0
2026.05.07,18:30,롯데,,,KT,수원,20260507LTKT0,20260507LTKT0
2026.05.07,18:30,한화,,,KIA,광주,20260507HHHT0,20260507HHHT0
2026.05.08,18:30,SSG,,,두산,잠실,20260508SKOB0,20260508SKOB0
2026.05.08,18:30,KIA,,,롯데,사직,20260508HTLT0,20260508HTLT0
2026.05.08,18:30,삼성,,,NC,창원,20260508SSNC0,20260508SSNC0
2026.05.08,18:30,KT,,,키움,고척,20260508KTWO0,20260508KTWO0
2026.05.08,18:30,LG,,,한화,대전,20260508LGHH0,20260508LGHH0
2026.05.09,17:00,SSG,,,두산,잠실,20260509SKOB0,20260509SKOB0
2026.05.09,17:00,KIA,,,롯데,사직,20260509HTLT0,20260509HTLT0
2026.05.09,17:00,삼성,,,NC,창원,20260509SSNC0,20260509SSNC0
2026.05.09,17:00,KT,,,키움,고척,20260509KTWO0,20260509KTWO0
2026.05.09,17:00,LG,,,한화,대전,20260509LGHH0,20260509LGHH0
2026.05.10,14:00,SSG,,,두산,잠실,20260510SKOB0,20260510SKOB0
2026.05.10,14:00,KIA,,,롯데,사직,20260510HTLT0,20260510HTLT0
2026.05.10,14:00,삼성,,,NC,창원,20260510SSNC0,20260510SSNC0
2026.05.10,14:00,KT,,,키움,고척,20260510KTWO0,20260510KTWO0
2026.05.10,14:00,LG,,,한화,대전,20260510LGHH0,20260510LGHH0
2026.05.12,18:30,삼성,,,LG,잠실,20260512SSLG0,20260512SSLG0
2026.05.12,18:30,NC,,,롯데,사직,20260512NCLT0,20260512NCLT0
2026.05.12,18:30,SSG,,,KT,수원,20260512SKKT0,20260512SKKT0
2026.05.12,18:30,두산,,,KIA,광주,20260512OBHT0,20260512OBHT0
2026.05.12,18:30,한화,,,키움,고척,20260512HHWO0,20260512HHWO0
2026.05.13,18:30,삼성,,,LG,잠실,20260513SSLG0,20260513SSLG0
2026.05.13,18:30,NC,,,롯데,사직,20260513NCLT0,20260513NCLT0
2026.05.13,18:30,SSG,,,KT,수원,20260513SKKT0,20260513SKKT0
2026.05.13,18:30,두산,,,KIA,광주,20260513OBHT0,20260513OBHT0
2026.05.13,18:30,한화,,,키움,고척,20260513HHWO0,20260513HHWO0
2026.05.14,18:30,삼성,,,LG,잠실,20260514SSLG0,20260514SSLG0
2026.05.14,18:30,NC,,,롯데,사직,20260514NCLT0,20260514NCLT0
2026.05.14,18:30,SSG,,,KT,수원,20260514SKKT0,20260514SKKT0
2026.05.14,18:30,두산,,,KIA,광주,20260514OBHT0,20260514OBHT0
2026.05.14,18:30,한화,,,키움,고척,20260514HHWO0,20260514HHWO0
2026.05.15,18:30,롯데,,,두산,잠실,20260515LTOB0,20260515LTOB0
2026.05.15,18:30,LG,,,SSG,문학,20260515LGSK0,20260515LGSK0
2026.05.15,18:30,KIA,,,삼성,대구,20260515HTSS0,20260515HTSS0
2026.05.15,18:30,키움,,,NC,창원,20260515WONC0,20260515WONC0
2026.05.15,18:30,한화,,,KT,수원,20260515HHKT0,20260515HHKT0
2026.05.16,17:00,롯데,,,두산,잠실,20260516LTOB0,20260516LTOB0
2026.05.16,17:00,LG,,,SSG,문학,20260516LGSK0,20260516LGSK0
2026.05.16,17:00,KIA,,,삼성,대구,20260516HTSS0,20260516HTSS0
2026.05.16,17:00,키움,,,NC,창원,20260516WONC0,20260516WONC0
2026.05.16,17:00,한화,,,KT,수원,20260516HHKT0,20260516HHKT0
2026.05.17,14:00,롯데,,,두산,잠실,20260517LTOB0,20260517LTOB0
2026.05.17,14:00,LG,,,SSG,문학,20260517LGSK0,20260517LGSK0
2026.05.17,14:00,KIA,,,삼성,대구,20260517HTSS0,20260517HTSS0
2026.05.17,14:00,키움,,,NC,창원,20260517WONC0,20260517WONC0
2026.05.17,14:00,한화,,,KT,수원,20260517HHKT0,20260517HHKT0
2026.05.19,18:30,NC,,,두산,잠실,20260519NCOB0,20260519NCOB0
2026.05.19,18:30,LG,,,KIA,광주,20260519LGHT0,20260519LGHT0
2026.05.19,18:30,SSG,,,키움,고척,20260519SKWO0,20260519SKWO0
2026.05.19,18:30,롯데,,,한화,대전,20260519LTHH0,20260519LTHH0
2026.05.19,18:30,KT,,,삼성,포항,20260519KTSS0,20260519KTSS0
2026.05.20,18:30,NC,,,두산,잠실,20260520NCOB0,20260520NCOB0
2026.05.20,18:30,LG,,,KIA,광주,20260520LGHT0,20260520LGHT0
2026.05.20,18:30,SSG,,,키움,고척,20260520SKWO0,20260520SKWO0
2026.05.20,18:30,롯데,,,한화,대전,20260520LTHH0,20260520LTHH0
2026.05.20,18:30,KT,,,삼성,포항,20260520KTSS0,20260520KTSS0
2026.05.21,18:30,NC,,,두산,잠실,20260521NCOB0,20260521NCOB0
2026.05.21,18:30,LG,,,KIA,광주,20260521LGHT0,20260521LGHT0
2026.05.21,18:30,SSG,,,키움,고척,20260521SKWO0,20260521SKWO0
2026.05.21,18:30,롯데,,,한화,대전,20260521LTHH0,20260521LTHH0
2026.05.21,18:30,KT,,,삼성,포항,20260521KTSS0,20260521KTSS0
2026.05.22,18:30,키움,,,LG,잠실,20260522WOLG0,20260522WOLG0
2026.05.22,18:30,삼성,,,롯데,사직,20260522SSLT0,20260522SSLT0
2026.05.22,18:30,NC,,,KT,수원,20260522NCKT0,20260522NCKT0
2026.05.22,18:30,SSG,,,KIA,광주,20260522SKHT0,20260522SKHT0
2026.05.22,18:30,두산,,,한화,대전,20260522OBHH0,20260522OBHH0
2026.05.23,17:00,키움,,,LG,잠실,20260523WOLG0,20260523WOLG0
2026.05.23,17:00,삼성,,,롯데,사직,20260523SSLT0,20260523SSLT0
2026.05.23,17:00,NC,,,KT,수원,20260523NCKT0,20260523NCKT0
2026.05.23,17:00,SSG,,,KIA,광주,20260523SKHT0,20260523SKHT0
2026.05.23,17:00,두산,,,한화,대전,20260523OBHH0,20260523OBHH0
2026.05.24,14:00,키움,,,LG,잠실,20260524WOLG0,20260524WOLG0
2026.05.24,14:00,삼성,,,롯데,사직,20260524SSLT0,20260524SSLT0
2026.05.24,14:00,NC,,,KT,수원,20260524NCKT0,20260524NCKT0
2026.05.24,14:00,SSG,,,KIA,광주,20260524SKHT0,20260524SKHT0
2026.05.24,14:00,두산,,,한화,대전,20260524OBHH0,20260524OBHH0
2026.05.26,18:30,KT,,,두산,잠실,20260526KTOB0,20260526KTOB0
2026.05.26,18:30,삼성,,,SSG,문학,20260526SSSK0,20260526SSSK0
2026.05.26,18:30,LG,,,롯데,사직,20260526LGLT0,20260526LGLT0
2026.05.26,18:30,한화,,,NC,창원,20260526HHNC0,20260526HHNC0
2026.05.26,18:30,KIA,,,키움,고척,20260526HTWO0,20260526HTWO0
2026.05.27,18:30,KT,,,두산,잠실,20260527KTOB0,20260527KTOB0
2026.05.27,18:30,삼성,,,SSG,문학,20260527SSSK0,20260527SSSK0
2026.05.27,18:30,LG,,,롯데,사직,20260527LGLT0,20260527LGLT0
2026.05.27,18:30,한화,,,NC,창원,20260527HHNC0,20260527HHNC0
2026.05.27,18:30,KIA,,,키움,고척,20260527HTWO0,20260527HTWO0
2026.05.28,18:30,KT,,,두산,잠실,20260528KTOB0,20260528KTOB0
2026.05.28,18:30,삼성,,,SSG,문학,20260528SSSK0,20260528SSSK0
2026.05.28,18:30,LG,,,롯데,사직,20260528LGLT0,20260528LGLT0
2026.05.28,18:30,한화,,,NC,창원,20260528HHNC0,20260528HHNC0
2026.05.28,18:30,KIA,,,키움,고척,20260528HTWO0,20260528HTWO0
2026.05.29,18:30,KIA,,,LG,잠실,20260529HTLG0,20260529HTLG0
2026.05.29,18:30,두산,,,삼성,대구,20260529OBSS0,20260529OBSS0
2026.05.29,18:30,롯데,,,NC,창원,20260529LTNC0,20260529LTNC0
2026.05.29,18:30,KT,,,키움,고척,20260529KTWO0,20260529KTWO0
2026.05.29,18:30,SSG,,,한화,대전,20260529SKHH0,20260529SKHH0
2026.05.30,17:00,KIA,,,LG,잠실,20260530HTLG0,20260530HTLG0
2026.05.30,17:00,두산,,,삼성,대구,20260530OBSS0,20260530OBSS0
2026.05.30,17:00,롯데,,,NC,창원,20260530LTNC0,20260530LTNC0
2026.05.30,17:00,KT,,,키움,고척,20260530KTWO0,20260530KTWO0
2026.05.30,17:00,SSG,,,한화,대전,20260530SKHH0,20260530SKHH0
2026.05.31,14:00,KIA,,,LG,잠실,20260531HTLG0,20260531HTLG0
2026.05.31,14:00,두산,,,삼성,대구,20260531OBSS0,20260531OBSS0
2026.05.31,14:00,롯데,,,NC,창원,20260531LTNC0,20260531LTNC0
2026.05.31,14:00,KT,,,키움,고척,20260531KTWO0,20260531KTWO0
2026.05.31,14:00,SSG,,,한화,대전,20260531SKHH0,20260531SKHH0
