날짜,타점,득점,타석,타수,안타,볼넷,사구,삼진,2루타,3루타,홈런,희번,희비,병살타,타격방해,고의사구,팀,연도,home_stadium,FinalPF,단타,TB,Outs,타율,출루율,장타율,OPS,순출루율,순장타율,K%,BB%,BB/K,BABIP,SecA,PA/HR,AB/HR,GPA,RC,RC/27,XR,TAVG,wOBA,wRAA,wRC+
2026-03-28,6.0,6.0,43.0,39.0,12.0,4.0,0.0,13.0,2.0,0.0,0.0,0.0,0.0,0.0,0.0,2.0,KIA,2026,광주,0.9987402594586288,10.0,14.0,27.0,0.3076923076923077,0.3720930232558139,0.358974358974359,0.731067382230173,0.0644007155635062,0.0512820512820512,0.3023255813953488,0.0930232558139534,0.3076923076923077,0.4615384615384615,0.1538461538461538,0.0,0.0,0.257185450208706,4.76595744680851,4.76595744680851,7.605999999999999,0.6666666666666666,0.3415013846044528,-1.456506946972452,77.40550790458474
2026-03-29,12.0,12.0,83.0,71.0,20.0,12.0,0.0,20.0,5.0,0.0,2.0,0.0,0.0,3.0,0.0,2.0,KIA,2026,광주,0.9987402594586288,13.0,31.0,54.0,0.2816901408450704,0.3855421686746988,0.4366197183098591,0.8221618869845579,0.1038520278296283,0.1549295774647887,0.2409638554216867,0.144578313253012,0.6,0.3673469387755102,0.323943661971831,41.5,35.5,0.2826489054810792,9.463157894736842,4.731578947368421,16.6,0.7962962962962963,0.3724365365587765,-0.2349594688529953,98.30335055617644
2026-03-30,12.0,12.0,83.0,71.0,20.0,12.0,0.0,20.0,5.0,0.0,2.0,0.0,0.0,3.0,0.0,2.0,KIA,2026,광주,0.9987402594586288,13.0,31.0,54.0,0.2816901408450704,0.3855421686746988,0.4366197183098591,0.8221618869845579,0.1038520278296283,0.1549295774647887,0.2409638554216867,0.144578313253012,0.6,0.3673469387755102,0.323943661971831,41.5,35.5,0.2826489054810792,9.463157894736842,4.731578947368421,16.6,0.7962962962962963,0.3724365365587765,-0.2349594688529953,98.30335055617644
2026-03-31,19.0,19.0,128.0,110.0,32.0,17.0,1.0,32.0,8.0,0.0,3.0,0.0,0.0,3.0,0.0,2.0,KIA,2026,광주,0.9987402594586288,21.0,49.0,81.0,0.2909090909090909,0.390625,0.4454545454545454,0.8360795454545454,0.0997159090909091,0.1545454545454545,0.25,0.1328125,0.53125,0.3866666666666666,0.3090909090909091,42.66666666666666,36.66666666666666,0.2871448863636363,15.773972602739724,5.257990867579908,26.414,0.8271604938271605,0.3844785206299754,1.8692329793274312,110.09574285857352
2026-04-01,21.0,21.0,164.0,143.0,39.0,20.0,1.0,39.0,10.0,0.0,4.0,0.0,0.0,4.0,0.0,2.0,KIA,2026,광주,0.9987402594586288,25.0,61.0,108.0,0.2727272727272727,0.3658536585365853,0.4265734265734265,0.7924270851100119,0.0931263858093126,0.1538461538461538,0.2378048780487804,0.1219512195121951,0.5128205128205128,0.35,0.2937062937062937,41.0,35.75,0.27127750298482,18.464864864864865,4.616216216216216,32.968,0.7592592592592593,0.3634392880790849,-1.2993873122761987,94.91892942465412
2026-04-02,22.0,22.0,200.0,177.0,46.0,22.0,1.0,43.0,11.0,0.0,4.0,0.0,0.0,4.0,0.0,2.0,KIA,2026,광주,0.9987402594586288,31.0,69.0,135.0,0.2598870056497175,0.345,0.3898305084745763,0.7348305084745763,0.0851129943502824,0.1299435028248587,0.215,0.11,0.5116279069767442,0.3230769230769231,0.2542372881355932,50.0,44.25,0.2527076271186441,20.112107623318387,4.022421524663677,39.04600000000001,0.6814814814814815,0.3407300625792638,-4.607843592245761,84.81080160170491
2026-04-03,24.0,24.0,234.0,206.0,49.0,26.0,1.0,52.0,12.0,0.0,5.0,1.0,0.0,5.0,0.0,2.0,KIA,2026,광주,0.9987402594586288,32.0,76.0,163.0,0.2378640776699029,0.3261802575107296,0.3689320388349514,0.6951122963456811,0.0883161798408266,0.1310679611650485,0.2222222222222222,0.1111111111111111,0.5,0.2953020134228188,0.2572815533980582,46.8,41.2,0.2390141255885661,20.38314176245211,3.376348635498202,43.384,0.6319018404907976,0.324311248741235,-9.105778657442942,73.69672069762025
2026-04-04,24.0,24.0,270.0,236.0,54.0,32.0,1.0,59.0,12.0,0.0,5.0,1.0,0.0,7.0,0.0,2.0,KIA,2026,광주,0.9987402594586288,37.0,81.0,190.0,0.2288135593220339,0.3234200743494423,0.3432203389830508,0.6666404133324932,0.0946065150274084,0.1144067796610169,0.2185185185185185,0.1185185185185185,0.5423728813559322,0.2848837209302325,0.25,54.0,47.2,0.2313441182030117,21.11881188118812,3.001094319958312,48.118,0.6,0.315708239640988,-12.722885380887188,67.62315311195883
2026-04-05,27.0,27.0,302.0,263.0,61.0,34.0,1.0,61.0,13.0,0.0,5.0,2.0,2.0,7.0,0.0,3.0,KIA,2026,광주,0.9987402594586288,43.0,89.0,213.0,0.2319391634980988,0.32,0.338403041825095,0.658403041825095,0.0880608365019011,0.1064638783269961,0.2019867549668874,0.1125827814569536,0.5573770491803278,0.2814070351758794,0.2357414448669201,60.4,52.6,0.2286007604562737,22.44807121661721,2.845530154219083,54.632,0.5821596244131455,0.3105264469980239,-13.786303894024526,67.02718421737981
2026-04-06,27.0,27.0,302.0,263.0,61.0,34.0,1.0,61.0,13.0,0.0,5.0,2.0,2.0,7.0,0.0,3.0,KIA,2026,광주,0.9987402594586288,43.0,89.0,213.0,0.2319391634980988,0.32,0.338403041825095,0.658403041825095,0.0880608365019011,0.1064638783269961,0.2019867549668874,0.1125827814569536,0.5573770491803278,0.2814070351758794,0.2357414448669201,60.4,52.6,0.2286007604562737,22.44807121661721,2.845530154219083,54.632,0.5821596244131455,0.3105264469980239,-13.786303894024526,67.02718421737981
2026-04-07,30.0,30.0,342.0,294.0,67.0,41.0,2.0,69.0,16.0,0.0,5.0,3.0,2.0,8.0,0.0,4.0,KIA,2026,광주,0.9987402594586288,46.0,98.0,240.0,0.227891156462585,0.3244837758112094,0.3333333333333333,0.6578171091445428,0.0965926193486244,0.1054421768707482,0.2017543859649122,0.1198830409356725,0.5942028985507246,0.2792792792792792,0.2448979591836734,68.4,58.8,0.2293510324483775,24.69090909090909,2.777727272727273,61.338,0.5875,0.3128545483176614,-13.333810810369767,70.96059542210074
2026-04-08,45.0,45.0,396.0,336.0,86.0,51.0,2.0,74.0,18.0,0.0,7.0,4.0,3.0,9.0,0.0,4.0,KIA,2026,광주,0.9987402594586288,61.0,125.0,266.0,0.2559523809523809,0.3545918367346938,0.3720238095238095,0.7266156462585034,0.0986394557823129,0.1160714285714286,0.1868686868686868,0.1287878787878787,0.6891891891891891,0.3062015503875969,0.2678571428571428,56.57142857142857,48.0,0.2525722789115646,34.24276169265033,3.475769043990823,77.72800000000001,0.6691729323308271,0.3430716941554254,-5.63053409299999,89.47253852092449
2026-04-09,45.0,45.0,396.0,336.0,86.0,51.0,2.0,74.0,18.0,0.0,7.0,4.0,3.0,9.0,0.0,4.0,KIA,2026,광주,0.9987402594586288,61.0,125.0,266.0,0.2559523809523809,0.3545918367346938,0.3720238095238095,0.7266156462585034,0.0986394557823129,0.1160714285714286,0.1868686868686868,0.1287878787878787,0.6891891891891891,0.3062015503875969,0.2678571428571428,56.57142857142857,48.0,0.2525722789115646,34.24276169265033,3.475769043990823,77.72800000000001,0.6691729323308271,0.3430716941554254,-5.63053409299999,89.47253852092449
2026-04-10,51.0,51.0,435.0,367.0,93.0,56.0,2.0,80.0,20.0,0.0,10.0,7.0,3.0,10.0,0.0,4.0,KIA,2026,광주,0.9987402594586288,63.0,143.0,294.0,0.2534059945504087,0.352803738317757,0.3896457765667575,0.7424495148845145,0.0993977437673482,0.1362397820163487,0.1839080459770115,0.128735632183908,0.7,0.2964285714285714,0.2888283378746594,43.5,36.7,0.25617312638468,37.99797160243408,3.489609636958232,86.97,0.6836734693877551,0.3469760087879074,-4.306034791472443,92.70921273004204
2026-04-11,56.0,57.0,474.0,403.0,105.0,58.0,2.0,90.0,21.0,0.0,10.0,7.0,4.0,12.0,0.0,4.0,KIA,2026,광주,0.9987402594586288,74.0,156.0,321.0,0.260545905707196,0.3533190578158458,0.3870967741935484,0.7404158320093942,0.0927731521086497,0.1265508684863523,0.189873417721519,0.1223628691983122,0.6444444444444445,0.3094462540716612,0.2704714640198511,47.4,40.3,0.2557677695655177,41.48314606741573,3.4892365851097344,93.78000000000002,0.6728971962616822,0.3468050674012295,-3.6921992885244768,94.1986894631844
2026-04-12,64.0,66.0,519.0,442.0,118.0,61.0,2.0,98.0,25.0,0.0,11.0,9.0,5.0,12.0,0.0,4.0,KIA,2026,광주,0.9987402594586288,82.0,176.0,350.0,0.2669683257918552,0.3549019607843137,0.3981900452488687,0.7530920060331825,0.0879336349924585,0.1312217194570135,0.1888246628131021,0.117533718689788,0.6224489795918368,0.3165680473372781,0.2692307692307692,47.18181818181818,40.18181818181818,0.2592533936651583,46.87285223367697,3.615905743740795,104.406,0.6828571428571428,0.351124543037196,-1.109601908182512,98.48227936594398
2026-03-28,11.0,11.0,49.0,42.0,18.0,4.0,2.0,5.0,1.0,1.0,1.0,0.0,1.0,0.0,0.0,0.0,KT,2026,수원,1.0287682311922934,15.0,24.0,25.0,0.4285714285714285,0.4897959183673469,0.5714285714285714,1.0612244897959182,0.0612244897959183,0.1428571428571428,0.1020408163265306,0.0816326530612244,0.8,0.4594594594594595,0.238095238095238,49.0,42.0,0.363265306122449,10.036363636363635,10.839272727272729,14.330000000000002,1.2,0.4981744343535467,5.16031121566083,167.76354391462064
2026-03-29,17.0,17.0,89.0,76.0,29.0,10.0,2.0,7.0,3.0,1.0,2.0,0.0,1.0,3.0,0.0,0.0,KT,2026,수원,1.0287682311922934,23.0,40.0,51.0,0.3815789473684211,0.4606741573033708,0.5263157894736842,0.986989946777055,0.0790952099349497,0.1447368421052631,0.0786516853932584,0.1123595505617977,1.4285714285714286,0.3970588235294117,0.2763157894736842,44.5,38.0,0.3388823181549379,14.653465346534654,7.757716948165405,23.834,1.0196078431372548,0.4524095472632263,6.431499678869625,143.65010195608502
2026-03-30,17.0,17.0,89.0,76.0,29.0,10.0,2.0,7.0,3.0,1.0,2.0,0.0,1.0,3.0,0.0,0.0,KT,2026,수원,1.0287682311922934,23.0,40.0,51.0,0.3815789473684211,0.4606741573033708,0.5263157894736842,0.986989946777055,0.0790952099349497,0.1447368421052631,0.0786516853932584,0.1123595505617977,1.4285714285714286,0.3970588235294117,0.2763157894736842,44.5,38.0,0.3388823181549379,14.653465346534654,7.757716948165405,23.834,1.0196078431372548,0.4524095472632263,6.431499678869625,143.65010195608502
2026-03-31,24.0,26.0,142.0,116.0,41.0,19.0,5.0,17.0,8.0,2.0,3.0,0.0,2.0,3.0,0.0,0.0,KT,2026,수원,1.0287682311922934,28.0,62.0,80.0,0.3534482758620689,0.4577464788732394,0.5344827586206896,0.992229237493929,0.1042982030111704,0.1810344827586206,0.1197183098591549,0.1338028169014084,1.1176470588235294,0.3877551020408163,0.3448275862068966,47.333333333333336,38.66666666666666,0.3396066051481301,22.40963855421687,7.563253012048193,37.504,1.075,0.4548156340086814,11.039733645670667,150.19962756399124
2026-04-01,37.0,40.0,190.0,157.0,55.0,26.0,5.0,26.0,12.0,2.0,4.0,0.0,2.0,4.0,0.0,0.0,KT,2026,수원,1.0287682311922934,37.0,83.0,108.0,0.3503184713375796,0.4526315789473684,0.5286624203821656,0.981293999329534,0.1023131076097888,0.178343949044586,0.1368421052631579,0.1368421052631579,1.0,0.3953488372093023,0.3439490445859872,47.5,39.25,0.3358498156218572,30.04524886877828,7.51131221719457,49.072,1.0555555555555556,0.4496162992165514,13.631783549783554,144.27468704989707
2026-04-02,49.0,53.0,246.0,205.0,74.0,33.0,6.0,37.0,15.0,3.0,6.0,0.0,2.0,4.0,0.0,0.0,KT,2026,수원,1.0287682311922934,50.0,113.0,137.0,0.3609756097560975,0.4593495934959349,0.551219512195122,1.010569105691057,0.0983739837398374,0.1902439024390244,0.1504065040650406,0.1341463414634146,0.8918918918918919,0.4146341463414634,0.3512195121951219,41.0,34.166666666666664,0.3445121951219512,42.424561403508775,8.361044948136765,64.91399999999997,1.1094890510948905,0.4605037770924787,21.074113869036093,154.06985210015367
2026-04-03,50.0,54.0,280.0,237.0,81.0,35.0,6.0,43.0,15.0,3.0,7.0,0.0,2.0,6.0,0.0,0.0,KT,2026,수원,1.0287682311922934,56.0,123.0,164.0,0.3417721518987341,0.4357142857142857,0.5189873417721519,0.9547016274864376,0.0939421338155515,0.1772151898734177,0.1535714285714285,0.125,0.813953488372093,0.3915343915343915,0.3248945147679324,40.0,33.857142857142854,0.3258182640144665,43.6822429906542,7.191588785046729,70.416,1.0,0.4384267870012533,17.78010368116124,140.25123659270676
2026-04-04,56.0,60.0,321.0,273.0,92.0,39.0,7.0,56.0,17.0,3.0,8.0,0.0,2.0,8.0,0.0,0.0,KT,2026,수원,1.0287682311922934,64.0,139.0,191.0,0.336996336996337,0.4299065420560747,0.5091575091575091,0.939064051213584,0.0929102050597377,0.1721611721611721,0.1744548286604361,0.1214953271028037,0.6964285714285714,0.3981042654028436,0.315018315018315,40.125,34.125,0.3207473212146109,48.479564032697546,6.8531320883918,78.062,0.9685863874345548,0.4321461174199064,18.286095177018844,136.41617326693265
2026-04-05,58.0,62.0,353.0,301.0,98.0,42.0,7.0,62.0,18.0,3.0,8.0,0.0,3.0,8.0,0.0,0.0,KT,2026,수원,1.0287682311922934,69.0,146.0,214.0,0.3255813953488372,0.4164305949008499,0.4850498338870432,0.901480428787893,0.0908491995520126,0.1594684385382059,0.1756373937677053,0.1189801699716713,0.6774193548387096,0.3846153846153846,0.2990033222591362,44.125,37.625,0.3086562261771433,49.39303482587065,6.231831496721997,83.524,0.911214953271028,0.4175944500209362,16.562051666558187,131.1413228639778
2026-04-06,58.0,62.0,353.0,301.0,98.0,42.0,7.0,62.0,18.0,3.0,8.0,0.0,3.0,8.0,0.0,0.0,KT,2026,수원,1.0287682311922934,69.0,146.0,214.0,0.3255813953488372,0.4164305949008499,0.4850498338870432,0.901480428787893,0.0908491995520126,0.1594684385382059,0.1756373937677053,0.1189801699716713,0.6774193548387096,0.3846153846153846,0.2990033222591362,44.125,37.625,0.3086562261771433,49.39303482587065,6.231831496721997,83.524,0.911214953271028,0.4175944500209362,16.562051666558187,131.1413228639778
2026-04-07,65.0,69.0,399.0,337.0,107.0,50.0,8.0,72.0,21.0,3.0,8.0,0.0,4.0,8.0,0.0,0.0,KT,2026,수원,1.0287682311922934,75.0,158.0,242.0,0.3175074183976261,0.4135338345864661,0.4688427299703264,0.8823765645567925,0.09602641618884,0.1513353115727002,0.1804511278195488,0.12531328320802,0.6944444444444444,0.3793103448275862,0.2997032640949555,49.875,42.125,0.3033009080564913,52.89715536105033,5.901748738629583,92.664,0.8925619834710744,0.4126713215605593,17.998837737848476,130.86829885633963
2026-04-08,66.0,70.0,429.0,366.0,110.0,51.0,8.0,79.0,22.0,3.0,9.0,0.0,4.0,9.0,0.0,0.0,KT,2026,수원,1.0287682311922934,76.0,165.0,269.0,0.3005464480874317,0.3939393939393939,0.4508196721311475,0.8447590660705415,0.0933929458519622,0.1502732240437158,0.1841491841491841,0.1188811188811188,0.6455696202531646,0.3581560283687943,0.2896174863387978,47.66666666666666,40.66666666666666,0.2899776453055142,52.74590163934426,5.294198305807789,96.318,0.8327137546468402,0.3946641842366735,12.63319854718381,119.18753537449804
2026-04-09,66.0,70.0,429.0,366.0,110.0,51.0,8.0,79.0,22.0,3.0,9.0,0.0,4.0,9.0,0.0,0.0,KT,2026,수원,1.0287682311922934,76.0,165.0,269.0,0.3005464480874317,0.3939393939393939,0.4508196721311475,0.8447590660705415,0.0933929458519622,0.1502732240437158,0.1841491841491841,0.1188811188811188,0.6455696202531646,0.3581560283687943,0.2896174863387978,47.66666666666666,40.66666666666666,0.2899776453055142,52.74590163934426,5.294198305807789,96.318,0.8327137546468402,0.3946641842366735,12.63319854718381,119.18753537449804
2026-04-10,73.0,77.0,485.0,411.0,121.0,62.0,8.0,95.0,23.0,3.0,9.0,0.0,4.0,9.0,0.0,0.0,KT,2026,수원,1.0287682311922934,86.0,177.0,303.0,0.2944038929440389,0.3938144329896907,0.4306569343065693,0.82447136729626,0.0994105400456518,0.1362530413625304,0.1958762886597938,0.1278350515463917,0.6526315789473685,0.360128617363344,0.2871046228710462,53.888888888888886,45.66666666666666,0.2848807284220031,56.76756756756757,5.058496119882259,105.83,0.8151815181518152,0.3877442495732465,11.955886418844218,115.59314168388678
2026-04-11,78.0,83.0,522.0,444.0,131.0,64.0,8.0,104.0,25.0,3.0,10.0,2.0,4.0,9.0,0.0,0.0,KT,2026,수원,1.0287682311922934,93.0,192.0,328.0,0.295045045045045,0.3903846153846154,0.4324324324324324,0.8228170478170478,0.0953395703395703,0.1373873873873874,0.1992337164750957,0.1226053639846743,0.6153846153846154,0.3622754491017964,0.2815315315315315,52.2,44.4,0.283781185031185,60.76767676767677,5.0022172949002215,113.34800000000004,0.8048780487804879,0.3866434872942224,13.326068092669503,116.54904841193098
2026-04-12,83.0,89.0,556.0,474.0,139.0,67.0,8.0,109.0,28.0,3.0,10.0,2.0,5.0,11.0,0.0,0.0,KT,2026,수원,1.0287682311922934,98.0,203.0,353.0,0.2932489451476793,0.3862815884476534,0.4282700421940928,0.8145516306417462,0.093032643299974,0.1350210970464134,0.1960431654676259,0.1205035971223021,0.6146788990825688,0.3583333333333333,0.2763713080168776,55.6,47.4,0.2808942253499672,63.05546751188589,4.8229394414190345,119.698,0.7875354107648725,0.3825598437748552,13.315532923359909,115.5353511069846
2026-03-28,7.0,7.0,46.0,36.0,12.0,8.0,0.0,5.0,1.0,0.0,1.0,0.0,2.0,1.0,0.0,0.0,LG,2026,잠실,0.9512583942824044,10.0,16.0,27.0,0.3333333333333333,0.4347826086956521,0.4444444444444444,0.8792270531400965,0.1014492753623188,0.1111111111111111,0.108695652173913,0.1739130434782608,1.6,0.34375,0.3333333333333333,46.0,36.0,0.3067632850241546,5.037037037037037,5.037037037037037,11.47,0.8888888888888888,0.4229677737885008,1.7710280121133504,130.69918442732546
2026-03-29,12.0,12.0,88.0,72.0,22.0,13.0,1.0,11.0,3.0,0.0,1.0,0.0,2.0,2.0,0.0,0.0,LG,2026,잠실,0.9512583942824044,18.0,28.0,54.0,0.3055555555555556,0.4090909090909091,0.3888888888888889,0.797979797979798,0.1035353535353535,0.0833333333333333,0.125,0.1477272727272727,1.181818181818182,0.3387096774193548,0.2638888888888889,88.0,72.0,0.2813131313131313,8.784313725490197,4.392156862745098,19.792,0.7777777777777778,0.3823896884314045,0.5733376150717227,109.06894714356928
2026-03-30,12.0,12.0,88.0,72.0,22.0,13.0,1.0,11.0,3.0,0.0,1.0,0.0,2.0,2.0,0.0,0.0,LG,2026,잠실,0.9512583942824044,18.0,28.0,54.0,0.3055555555555556,0.4090909090909091,0.3888888888888889,0.797979797979798,0.1035353535353535,0.0833333333333333,0.125,0.1477272727272727,1.181818181818182,0.3387096774193548,0.2638888888888889,88.0,72.0,0.2813131313131313,8.784313725490197,4.392156862745098,19.792,0.7777777777777778,0.3823896884314045,0.5733376150717227,109.06894714356928
2026-03-31,14.0,14.0,122.0,103.0,27.0,16.0,1.0,17.0,4.0,0.0,1.0,0.0,2.0,3.0,0.0,0.0,LG,2026,잠실,0.9512583942824044,22.0,34.0,81.0,0.2621359223300971,0.360655737704918,0.3300970873786408,0.6907528250835588,0.0985198153748209,0.0679611650485437,0.1393442622950819,0.1311475409836065,0.9411764705882352,0.2988505747126437,0.2233009708737864,122.0,103.0,0.2448193538118733,9.53956834532374,3.179856115107913,24.373999999999995,0.6296296296296297,0.3375457314794511,-3.3584051585235697,86.08078123983547
2026-04-01,21.0,21.0,165.0,134.0,35.0,25.0,2.0,22.0,8.0,0.0,1.0,1.0,3.0,3.0,0.0,0.0,LG,2026,잠실,0.9512583942824044,26.0,46.0,106.0,0.2611940298507462,0.3780487804878049,0.3432835820895522,0.7213323625773571,0.1168547506370586,0.0820895522388059,0.1333333333333333,0.1515151515151515,1.1363636363636365,0.2982456140350877,0.2686567164179104,165.0,134.0,0.2559428467419002,13.177083333333334,3.3564268867924527,34.194,0.6886792452830188,0.3530347542928528,-2.8944176207068097,93.34563478146644
2026-04-02,23.0,23.0,199.0,163.0,40.0,30.0,2.0,27.0,8.0,0.0,1.0,1.0,3.0,3.0,0.0,1.0,LG,2026,잠실,0.9512583942824044,31.0,51.0,130.0,0.2453987730061349,0.3636363636363636,0.3128834355828221,0.6765197992191858,0.1182375906302286,0.0674846625766871,0.135678391959799,0.1507537688442211,1.1111111111111112,0.2826086956521739,0.2515337423312883,199.0,163.0,0.2418572225320691,14.35064935064935,2.9805194805194803,39.524,0.6384615384615384,0.3335325966642529,-5.884752669215366,85.21661477232543
2026-04-03,25.0,25.0,238.0,200.0,50.0,32.0,2.0,37.0,11.0,0.0,2.0,1.0,3.0,3.0,0.0,1.0,LG,2026,잠실,0.9512583942824044,37.0,67.0,157.0,0.25,0.3544303797468354,0.335,0.6894303797468355,0.1044303797468354,0.085,0.1554621848739495,0.134453781512605,0.8648648648648649,0.2926829268292683,0.245,119.0,100.0,0.2432436708860759,18.966911764705884,3.2618255901086552,47.354000000000006,0.643312101910828,0.3340932158352643,-7.172052640992778,84.40734982349076
2026-04-04,31.0,31.0,281.0,234.0,59.0,40.0,3.0,43.0,12.0,0.0,4.0,1.0,3.0,5.0,0.0,1.0,LG,2026,잠실,0.9512583942824044,43.0,83.0,184.0,0.2521367521367521,0.3642857142857142,0.3547008547008547,0.718986568986569,0.1121489621489621,0.1025641025641025,0.1530249110320284,0.1423487544483986,0.9302325581395348,0.2894736842105263,0.2735042735042735,70.25,58.5,0.2526037851037851,23.82407407407408,3.495923913043478,57.396,0.6847826086956522,0.3464005749047951,-5.531446475218005,91.296292042098
2026-04-05,37.0,37.0,327.0,272.0,74.0,44.0,4.0,50.0,14.0,0.0,5.0,3.0,4.0,5.0,0.0,1.0,LG,2026,잠실,0.9512583942824044,55.0,103.0,210.0,0.2720588235294117,0.3765432098765432,0.3786764705882353,0.7552196804647785,0.1044843863471314,0.1066176470588235,0.1529051987767584,0.1345565749235474,0.88,0.3122171945701357,0.2683823529411764,65.4,54.4,0.2641135620915033,30.21333333333333,3.884571428571428,69.18000000000002,0.719047619047619,0.3608123201058774,-0.7109800405604971,103.29770815366533
2026-04-06,37.0,37.0,327.0,272.0,74.0,44.0,4.0,50.0,14.0,0.0,5.0,3.0,4.0,5.0,0.0,1.0,LG,2026,잠실,0.9512583942824044,55.0,103.0,210.0,0.2720588235294117,0.3765432098765432,0.3786764705882353,0.7552196804647785,0.1044843863471314,0.1066176470588235,0.1529051987767584,0.1345565749235474,0.88,0.3122171945701357,0.2683823529411764,65.4,54.4,0.2641135620915033,30.21333333333333,3.884571428571428,69.18000000000002,0.719047619047619,0.3608123201058774,-0.7109800405604971,103.29770815366533
2026-04-07,39.0,39.0,366.0,305.0,80.0,49.0,4.0,60.0,14.0,0.0,5.0,4.0,4.0,5.0,0.0,2.0,LG,2026,잠실,0.9512583942824044,61.0,109.0,238.0,0.2622950819672131,0.3674033149171271,0.3573770491803278,0.7247803640974549,0.1051082329499139,0.0950819672131147,0.1639344262295081,0.133879781420765,0.8166666666666667,0.3073770491803279,0.2557377049180327,73.2,61.0,0.2546757540077892,31.217183770883054,3.5414452177052205,74.38000000000001,0.680672268907563,0.3492723056851493,-3.039653731747729,98.66143080385564
2026-04-08,44.0,44.0,406.0,341.0,91.0,53.0,4.0,68.0,16.0,0.0,7.0,4.0,4.0,6.0,0.0,2.0,LG,2026,잠실,0.9512583942824044,68.0,128.0,264.0,0.2668621700879765,0.3681592039800995,0.375366568914956,0.7435257728950555,0.1012970338921229,0.1085043988269794,0.167487684729064,0.1305418719211822,0.7794117647058824,0.3111111111111111,0.2639296187683284,58.0,48.71428571428572,0.2595132840197838,37.04535637149028,3.788729628902415,83.93599999999999,0.7007575757575758,0.3545218354648732,-1.838132511541617,101.48192457266344
2026-04-09,44.0,44.0,406.0,341.0,91.0,53.0,4.0,68.0,16.0,0.0,7.0,4.0,4.0,6.0,0.0,2.0,LG,2026,잠실,0.9512583942824044,68.0,128.0,264.0,0.2668621700879765,0.3681592039800995,0.375366568914956,0.7435257728950555,0.1012970338921229,0.1085043988269794,0.167487684729064,0.1305418719211822,0.7794117647058824,0.3111111111111111,0.2639296187683284,58.0,48.71428571428572,0.2595132840197838,37.04535637149028,3.788729628902415,83.93599999999999,0.7007575757575758,0.3545218354648732,-1.838132511541617,101.48192457266344
2026-04-10,54.0,54.0,450.0,372.0,101.0,60.0,7.0,76.0,17.0,0.0,8.0,4.0,7.0,6.0,0.0,2.0,LG,2026,잠실,0.9512583942824044,76.0,142.0,288.0,0.271505376344086,0.3766816143497757,0.3817204301075269,0.7584020444573026,0.1051762380056897,0.1102150537634408,0.1688888888888889,0.1333333333333333,0.7894736842105263,0.3152542372881356,0.271505376344086,56.25,46.5,0.2649368339842808,41.47388781431334,3.888176982591876,94.99200000000002,0.7256944444444444,0.3604928844666713,0.7003541898021998,106.0402483491041
2026-04-11,58.0,58.0,485.0,401.0,108.0,63.0,9.0,84.0,19.0,0.0,8.0,4.0,8.0,7.0,0.0,2.0,LG,2026,잠실,0.9512583942824044,81.0,151.0,312.0,0.2693266832917705,0.3742203742203742,0.3765586034912718,0.750778977711646,0.1048936909286036,0.1072319201995012,0.1731958762886598,0.1298969072164948,0.75,0.3154574132492113,0.2643391521197007,60.625,50.125,0.2625388192719863,43.64631956912029,3.777085347327717,101.108,0.7147435897435898,0.357845841026245,0.7005095609618383,105.9732203532944
2026-04-12,66.0,67.0,528.0,436.0,117.0,67.0,11.0,87.0,21.0,0.0,8.0,6.0,8.0,7.0,0.0,2.0,LG,2026,잠실,0.9512583942824044,88.0,162.0,340.0,0.268348623853211,0.3735632183908046,0.3715596330275229,0.7451228514183275,0.1052145945375935,0.1032110091743119,0.1647727272727272,0.1268939393939394,0.7701149425287356,0.3123209169054441,0.2568807339449541,66.0,54.5,0.2609933565327428,46.51485148514851,3.693826441467676,109.944,0.7058823529411765,0.3561209128613434,1.0603847096264047,106.41817320271262
2026-03-28,6.0,6.0,39.0,29.0,5.0,7.0,2.0,9.0,1.0,0.0,1.0,1.0,0.0,2.0,0.0,0.0,NC,2026,창원,1.0100284809306723,3.0,9.0,27.0,0.1724137931034483,0.3684210526315789,0.3103448275862069,0.6787658802177858,0.1960072595281306,0.1379310344827586,0.2307692307692307,0.1794871794871795,0.7777777777777778,0.2105263157894736,0.3793103448275862,39.0,29.0,0.2433756805807622,2.0625,2.0625,6.488,0.6666666666666666,0.3546726141767566,-0.864678267700399,84.12536789441307
2026-03-29,11.0,12.0,82.0,65.0,15.0,13.0,2.0,21.0,4.0,0.0,3.0,2.0,0.0,2.0,0.0,0.0,NC,2026,창원,1.0100284809306723,8.0,28.0,54.0,0.2307692307692307,0.375,0.4307692307692308,0.8057692307692308,0.1442307692307692,0.2,0.2560975609756097,0.1585365853658536,0.6190476190476191,0.2926829268292683,0.4,27.33333333333333,21.666666666666668,0.2764423076923077,7.505154639175258,3.752577319587629,16.192,0.7962962962962963,0.3749522133517973,-0.0384259794476551,98.69543947918712
2026-03-30,11.0,12.0,82.0,65.0,15.0,13.0,2.0,21.0,4.0,0.0,3.0,2.0,0.0,2.0,0.0,0.0,NC,2026,창원,1.0100284809306723,8.0,28.0,54.0,0.2307692307692307,0.375,0.4307692307692308,0.8057692307692308,0.1442307692307692,0.2,0.2560975609756097,0.1585365853658536,0.6190476190476191,0.2926829268292683,0.4,27.33333333333333,21.666666666666668,0.2764423076923077,7.505154639175258,3.752577319587629,16.192,0.7962962962962963,0.3749522133517973,-0.0384259794476551,98.69543947918712
2026-03-31,19.0,21.0,121.0,97.0,23.0,19.0,3.0,30.0,6.0,0.0,3.0,2.0,0.0,2.0,0.0,0.0,NC,2026,창원,1.0100284809306723,14.0,38.0,78.0,0.2371134020618556,0.3781512605042016,0.3917525773195876,0.7699038378237892,0.141037858442346,0.1546391752577319,0.2479338842975206,0.1570247933884297,0.6333333333333333,0.3125,0.3505154639175257,40.333333333333336,32.333333333333336,0.2681062115567876,10.895104895104897,3.771382463690156,23.48,0.7692307692307693,0.3693065007544071,0.119009311168514,99.6686228026479
2026-04-01,24.0,26.0,162.0,132.0,34.0,24.0,3.0,38.0,8.0,0.0,5.0,3.0,0.0,2.0,0.0,1.0,NC,2026,창원,1.0100284809306723,21.0,57.0,103.0,0.2575757575757575,0.3836477987421384,0.4318181818181818,0.8154659805603202,0.1260720411663808,0.1742424242424242,0.2345679012345679,0.1481481481481481,0.631578947368421,0.3258426966292135,0.3560606060606061,32.4,26.4,0.2805960548885077,16.88888888888889,4.427184466019417,33.605999999999995,0.8155339805825242,0.3793921712229069,1.1056665179305338,103.4825982939834
2026-04-02,31.0,34.0,200.0,165.0,44.0,29.0,3.0,45.0,10.0,0.0,5.0,3.0,0.0,2.0,0.0,1.0,NC,2026,창원,1.0100284809306723,29.0,69.0,126.0,0.2666666666666666,0.3857868020304568,0.4181818181818181,0.803968620212275,0.1191201353637901,0.1515151515151515,0.225,0.145,0.6444444444444445,0.3391304347826087,0.3272727272727272,40.0,33.0,0.2781495154591601,21.11637931034483,4.52493842364532,41.5,0.8015873015873016,0.3776997289870276,2.1028732293712253,105.98650940327236
2026-04-03,35.0,39.0,240.0,196.0,52.0,34.0,6.0,54.0,12.0,0.0,5.0,4.0,0.0,4.0,0.0,1.0,NC,2026,창원,1.0100284809306723,35.0,79.0,152.0,0.2653061224489796,0.3898305084745763,0.4030612244897959,0.7928917329643722,0.1245243860255966,0.1377551020408163,0.225,0.1416666666666666,0.6296296296296297,0.3430656934306569,0.3112244897959184,48.0,39.2,0.2761890349360083,23.7,4.209868421052631,48.33800000000001,0.7828947368421053,0.3778246577296104,2.1869945223422884,105.1861466796343
2026-04-04,40.0,45.0,286.0,233.0,62.0,43.0,6.0,63.0,13.0,0.0,8.0,4.0,0.0,4.0,0.0,1.0,NC,2026,창원,1.0100284809306723,41.0,99.0,179.0,0.2660944206008583,0.3936170212765957,0.4248927038626609,0.8185097251392567,0.1275226006757374,0.1587982832618025,0.2202797202797203,0.1503496503496503,0.6825396825396826,0.3333333333333333,0.3433476394849785,35.75,29.125,0.2833508355401333,30.438805970149254,4.591328274826982,60.17599999999999,0.8268156424581006,0.3861543629213971,4.533791085028171,109.93154482512008
2026-04-05,40.0,45.0,318.0,265.0,66.0,43.0,6.0,69.0,14.0,0.0,8.0,4.0,0.0,4.0,0.0,1.0,NC,2026,창원,1.0100284809306723,44.0,104.0,207.0,0.2490566037735849,0.3662420382165605,0.3924528301886792,0.7586948684052397,0.1171854344429755,0.1433962264150943,0.2169811320754717,0.1352201257861635,0.6231884057971014,0.3085106382978723,0.3056603773584905,39.75,33.125,0.262922124744622,30.321525885558582,3.954981637246772,63.78799999999999,0.7391304347826086,0.360635767671464,-0.7399520358059959,97.31002535581254
2026-04-06,40.0,45.0,318.0,265.0,66.0,43.0,6.0,69.0,14.0,0.0,8.0,4.0,0.0,4.0,0.0,1.0,NC,2026,창원,1.0100284809306723,44.0,104.0,207.0,0.2490566037735849,0.3662420382165605,0.3924528301886792,0.7586948684052397,0.1171854344429755,0.1433962264150943,0.2169811320754717,0.1352201257861635,0.6231884057971014,0.3085106382978723,0.3056603773584905,39.75,33.125,0.262922124744622,30.321525885558582,3.954981637246772,63.78799999999999,0.7391304347826086,0.360635767671464,-0.7399520358059959,97.31002535581254
2026-04-07,40.0,45.0,357.0,301.0,75.0,46.0,6.0,78.0,14.0,0.0,8.0,4.0,0.0,4.0,0.0,1.0,NC,2026,창원,1.0100284809306723,53.0,113.0,234.0,0.2491694352159468,0.3597733711048159,0.3754152823920266,0.7351886534968425,0.110603935888869,0.1262458471760797,0.2184873949579832,0.1288515406162464,0.5897435897435898,0.3116279069767442,0.2790697674418604,44.625,37.625,0.2557518375951738,32.877750611246945,3.793586608990032,70.04599999999998,0.7051282051282052,0.3529724403231846,-1.85198308792238,95.11646829551896
2026-04-08,44.0,49.0,395.0,335.0,82.0,50.0,6.0,88.0,15.0,0.0,10.0,4.0,0.0,4.0,0.0,1.0,NC,2026,창원,1.0100284809306723,57.0,127.0,261.0,0.244776119402985,0.3529411764705882,0.3791044776119402,0.7320456540825285,0.1081650570676031,0.1343283582089552,0.2227848101265822,0.1265822784810126,0.5681818181818182,0.3037974683544304,0.2835820895522388,39.5,33.5,0.2535996488147498,36.60753880266076,3.786986772689044,77.556,0.7011494252873564,0.3491286326708174,-3.591373938848057,92.184772823377
2026-04-09,44.0,49.0,395.0,335.0,82.0,50.0,6.0,88.0,15.0,0.0,10.0,4.0,0.0,4.0,0.0,1.0,NC,2026,창원,1.0100284809306723,57.0,127.0,261.0,0.244776119402985,0.3529411764705882,0.3791044776119402,0.7320456540825285,0.1081650570676031,0.1343283582089552,0.2227848101265822,0.1265822784810126,0.5681818181818182,0.3037974683544304,0.2835820895522388,39.5,33.5,0.2535996488147498,36.60753880266076,3.786986772689044,77.556,0.7011494252873564,0.3491286326708174,-3.591373938848057,92.184772823377
2026-04-10,48.0,54.0,440.0,373.0,93.0,53.0,9.0,96.0,15.0,0.0,12.0,5.0,0.0,5.0,0.0,1.0,NC,2026,창원,1.0100284809306723,66.0,144.0,290.0,0.2493297587131367,0.3563218390804598,0.3860589812332439,0.7423808203137037,0.106992080367323,0.1367292225201072,0.2181818181818181,0.1204545454545454,0.5520833333333334,0.3056603773584905,0.2788203753351206,36.66666666666666,31.08333333333333,0.2568595728945179,41.59362549800797,3.872509960159362,87.572,0.7103448275862069,0.352605303436112,-2.256416583832022,95.15483986100844
2026-04-11,51.0,58.0,480.0,405.0,100.0,57.0,13.0,102.0,19.0,0.0,12.0,5.0,0.0,5.0,0.0,1.0,NC,2026,창원,1.0100284809306723,69.0,155.0,315.0,0.2469135802469135,0.3578947368421052,0.382716049382716,0.7406107862248212,0.1109811565951917,0.1358024691358024,0.2125,0.11875,0.5588235294117647,0.3024054982817869,0.2765432098765432,40.0,33.75,0.2567316439246264,45.09090909090909,3.864935064935065,95.79400000000004,0.7142857142857143,0.3534121095340169,-1.0865956369100027,97.27458655805523
2026-04-12,53.0,61.0,519.0,439.0,106.0,61.0,14.0,109.0,20.0,0.0,14.0,5.0,0.0,6.0,0.0,1.0,NC,2026,창원,1.0100284809306723,72.0,168.0,344.0,0.2414578587699316,0.3521400778210117,0.3826879271070615,0.7348280049280732,0.11068221905108,0.1412300683371298,0.210019267822736,0.117533718689788,0.5596330275229358,0.2911392405063291,0.2801822323462414,37.07142857142857,31.357142857142858,0.2541350167962206,48.08080808080808,3.773784355179704,103.428,0.7063953488372093,0.3499873602500048,-1.5993809345243444,96.62792928115245
2026-03-28,5.0,7.0,39.0,33.0,8.0,5.0,1.0,8.0,1.0,0.0,0.0,0.0,0.0,0.0,0.0,0.0,SSG,2026,문학,1.027807913649001,7.0,9.0,25.0,0.2424242424242424,0.358974358974359,0.2727272727272727,0.6317016317016317,0.1165501165501165,0.0303030303030302,0.2051282051282051,0.1282051282051282,0.625,0.32,0.1818181818181818,0.0,0.0,0.2297202797202797,2.8,3.024,7.006,0.6,0.3331820912919354,-1.6092540017304775,69.54130943373941
2026-03-29,16.0,18.0,79.0,64.0,16.0,13.0,1.0,15.0,4.0,0.0,3.0,0.0,1.0,0.0,0.0,0.0,SSG,2026,문학,1.027807913649001,9.0,29.0,49.0,0.25,0.379746835443038,0.453125,0.832871835443038,0.129746835443038,0.203125,0.189873417721519,0.1645569620253164,0.8666666666666667,0.2765957446808511,0.40625,26.33333333333333,21.33333333333333,0.2841673259493671,9.043010752688172,4.982883475971033,18.33,0.8775510204081632,0.3814509090462144,0.4450610147719949,100.8464342374773
2026-03-30,16.0,18.0,79.0,64.0,16.0,13.0,1.0,15.0,4.0,0.0,3.0,0.0,1.0,0.0,0.0,0.0,SSG,2026,문학,1.027807913649001,9.0,29.0,49.0,0.25,0.379746835443038,0.453125,0.832871835443038,0.129746835443038,0.203125,0.189873417721519,0.1645569620253164,0.8666666666666667,0.2765957446808511,0.40625,26.33333333333333,21.33333333333333,0.2841673259493671,9.043010752688172,4.982883475971033,18.33,0.8775510204081632,0.3814509090462144,0.4450610147719949,100.8464342374773
2026-03-31,23.0,27.0,120.0,99.0,28.0,18.0,1.0,20.0,7.0,0.0,5.0,0.0,2.0,1.0,0.0,0.0,SSG,2026,문학,1.027807913649001,16.0,50.0,74.0,0.2828282828282828,0.3916666666666666,0.5050505050505051,0.8967171717171718,0.1088383838383838,0.2222222222222222,0.1666666666666666,0.15,0.9,0.3026315789473684,0.404040404040404,24.0,19.8,0.3025126262626262,15.827338129496402,5.774839587789228,29.7,0.9324324324324323,0.4049956874657918,3.962582980094692,119.76309288671972
2026-04-01,24.0,29.0,159.0,133.0,36.0,23.0,1.0,26.0,9.0,0.0,5.0,0.0,2.0,2.0,0.0,0.0,SSG,2026,문학,1.027807913649001,22.0,60.0,101.0,0.2706766917293233,0.3773584905660377,0.4511278195488721,0.8284863101149099,0.1066817988367144,0.1804511278195488,0.1635220125786163,0.1446540880503144,0.8846153846153846,0.2980769230769231,0.3533834586466165,31.8,26.6,0.282593275641935,18.36065573770492,4.908294108099335,36.682,0.8316831683168316,0.3808157606914038,1.2944489795918457,102.56958507963564
2026-04-02,35.0,40.0,198.0,167.0,48.0,27.0,1.0,30.0,11.0,0.0,7.0,1.0,2.0,3.0,0.0,0.0,SSG,2026,문학,1.027807913649001,30.0,80.0,125.0,0.2874251497005988,0.3857868020304568,0.4790419161676646,0.8648287181981216,0.098361652329858,0.1916167664670658,0.1515151515151515,0.1363636363636363,0.9,0.3106060606060606,0.3532934131736527,28.285714285714285,23.857142857142858,0.2933645399556217,24.778761061946906,5.352212389380531,47.260000000000005,0.864,0.3943440626206084,5.072903555680743,114.25042136250512
2026-04-03,51.0,57.0,254.0,209.0,66.0,39.0,2.0,33.0,18.0,0.0,10.0,1.0,3.0,5.0,0.0,0.0,SSG,2026,문학,1.027807913649001,38.0,114.0,152.0,0.3157894736842105,0.4229249011857707,0.5454545454545454,0.9683794466403162,0.1071354275015602,0.2296650717703349,0.1299212598425196,0.1535433070866141,1.181818181818182,0.3313609467455621,0.416267942583732,25.4,20.9,0.3266798418972332,37.87118644067797,6.727118644067797,66.26600000000002,1.019736842105263,0.4364694734069219,15.682915716086162,139.1542189470162
2026-04-04,58.0,64.0,300.0,249.0,80.0,44.0,2.0,41.0,21.0,0.0,10.0,2.0,3.0,5.0,0.0,0.0,SSG,2026,문학,1.027807913649001,49.0,131.0,179.0,0.321285140562249,0.4228187919463087,0.5261044176706827,0.9489232096169916,0.1015336513840597,0.2048192771084337,0.1366666666666666,0.1466666666666666,1.0731707317073171,0.3482587064676617,0.3815261044176707,30.0,24.9,0.3217945607935096,43.91907514450867,6.6246649659314745,76.502,0.988826815642458,0.4315029192642208,16.917315486312045,136.11560781275546
2026-04-05,62.0,68.0,343.0,281.0,87.0,53.0,4.0,47.0,22.0,0.0,10.0,2.0,3.0,5.0,0.0,1.0,SSG,2026,문학,1.027807913649001,55.0,139.0,204.0,0.3096085409252669,0.4222873900293255,0.494661921708185,0.9169493117375106,0.1126788491040586,0.1850533807829181,0.1370262390670553,0.1545189504373177,1.127659574468085,0.3392070484581498,0.3736654804270463,34.3,28.1,0.3136948059402427,46.565,6.163014705882352,84.99400000000001,0.9607843137254902,0.4227959190344588,17.635358131379622,134.49796144848597
2026-04-06,62.0,68.0,343.0,281.0,87.0,53.0,4.0,47.0,22.0,0.0,10.0,2.0,3.0,5.0,0.0,1.0,SSG,2026,문학,1.027807913649001,55.0,139.0,204.0,0.3096085409252669,0.4222873900293255,0.494661921708185,0.9169493117375106,0.1126788491040586,0.1850533807829181,0.1370262390670553,0.1545189504373177,1.127659574468085,0.3392070484581498,0.3736654804270463,34.3,28.1,0.3136948059402427,46.565,6.163014705882352,84.99400000000001,0.9607843137254902,0.4227959190344588,17.635358131379622,134.49796144848597
2026-04-07,64.0,70.0,377.0,311.0,91.0,57.0,4.0,61.0,24.0,0.0,11.0,2.0,3.0,5.0,0.0,1.0,SSG,2026,문학,1.027807913649001,56.0,148.0,230.0,0.292604501607717,0.4053333333333333,0.4758842443729904,0.8812175777063237,0.1127288317256162,0.1832797427652733,0.1618037135278514,0.1511936339522546,0.9344262295081968,0.3305785123966942,0.3665594855305466,34.27272727272727,28.27272727272728,0.3013710610932476,47.98173515981736,5.632638475282907,89.44200000000002,0.908695652173913,0.4093356771906818,15.946919863964691,128.8620080215857
2026-04-08,67.0,73.0,418.0,346.0,100.0,62.0,5.0,70.0,27.0,1.0,12.0,2.0,3.0,6.0,0.0,1.0,SSG,2026,문학,1.027807913649001,60.0,165.0,257.0,0.2890173410404624,0.4014423076923077,0.476878612716763,0.8783209204090707,0.1124249666518452,0.1878612716763005,0.1674641148325359,0.1483253588516746,0.8857142857142857,0.3295880149812734,0.3670520231213873,34.833333333333336,28.83333333333333,0.2998686916407292,53.07216494845361,5.575674916763609,98.4,0.9027237354085604,0.4065303878720526,16.507346680760218,126.80861594528608
2026-04-09,67.0,73.0,418.0,346.0,100.0,62.0,5.0,70.0,27.0,1.0,12.0,2.0,3.0,6.0,0.0,1.0,SSG,2026,문학,1.027807913649001,60.0,165.0,257.0,0.2890173410404624,0.4014423076923077,0.476878612716763,0.8783209204090707,0.1124249666518452,0.1878612716763005,0.1674641148325359,0.1483253588516746,0.8857142857142857,0.3295880149812734,0.3670520231213873,34.833333333333336,28.83333333333333,0.2998686916407292,53.07216494845361,5.575674916763609,98.4,0.9027237354085604,0.4065303878720526,16.507346680760218,126.80861594528608
2026-04-10,68.0,75.0,457.0,380.0,108.0,66.0,5.0,77.0,28.0,1.0,12.0,3.0,3.0,7.0,0.0,1.0,SSG,2026,문학,1.027807913649001,67.0,174.0,285.0,0.2842105263157894,0.394273127753304,0.4578947368421052,0.8521678645954092,0.1100626014375145,0.1736842105263157,0.1684901531728665,0.1444201312910284,0.8571428571428571,0.3265306122448979,0.3473684210526316,38.083333333333336,31.666666666666668,0.2918965916995131,54.70454545454545,5.182535885167464,104.67399999999998,0.8596491228070176,0.3957415043004705,14.36297099188825,120.76721308145817
2026-04-11,71.0,78.0,498.0,419.0,121.0,68.0,5.0,85.0,30.0,1.0,13.0,3.0,3.0,8.0,0.0,1.0,SSG,2026,문학,1.027807913649001,77.0,192.0,312.0,0.2887828162291169,0.3919191919191919,0.4582338902147971,0.8501530821339891,0.103136375690075,0.1694510739856802,0.1706827309236948,0.1365461847389558,0.8,0.3333333333333333,0.3317422434367542,38.30769230769231,32.23076923076923,0.2909221089173356,60.52539404553415,5.237774484709687,113.7,0.8493589743589743,0.3950801205775442,16.227194846558568,122.01415055990546
2026-04-12,72.0,79.0,535.0,452.0,129.0,70.0,6.0,89.0,32.0,1.0,13.0,3.0,4.0,9.0,0.0,1.0,SSG,2026,문학,1.027807913649001,83.0,202.0,339.0,0.2853982300884956,0.3853383458646616,0.4469026548672566,0.8322410007319183,0.099940115776166,0.161504424778761,0.1663551401869158,0.1308411214953271,0.7865168539325843,0.327683615819209,0.3163716814159292,41.15384615384615,34.76923076923077,0.2851279193559119,62.48445171849427,4.976637747490694,120.658,0.8200589970501475,0.3875066985966066,15.008876935173852,118.78749937731683
2026-03-28,0.0,0.0,34.0,31.0,3.0,2.0,1.0,4.0,1.0,0.0,0.0,0.0,0.0,0.0,0.0,0.0,두산,2026,잠실,0.9512583942824044,2.0,4.0,28.0,0.0967741935483871,0.1764705882352941,0.1290322580645161,0.3055028462998103,0.079696394686907,0.032258064516129,0.1176470588235294,0.0588235294117647,0.5,0.1111111111111111,0.0967741935483871,0.0,0.0,0.1116698292220114,0.6486486486486487,0.6254826254826256,4.508,0.25,0.167740424339921,-6.400074626865671,-21.389755143780363
2026-03-29,9.0,9.0,75.0,67.0,13.0,7.0,1.0,13.0,2.0,0.0,3.0,0.0,0.0,0.0,0.0,1.0,두산,2026,잠실,0.9512583942824044,8.0,24.0,54.0,0.1940298507462686,0.28,0.3582089552238806,0.6382089552238805,0.0859701492537313,0.1641791044776119,0.1733333333333333,0.0933333333333333,0.5384615384615384,0.196078431372549,0.2686567164179104,25.0,22.33333333333333,0.2155522388059702,6.072289156626506,3.036144578313253,14.806,0.5925925925925926,0.2863674620485698,-6.273745204742313,51.016470967971706
2026-03-30,9.0,9.0,75.0,67.0,13.0,7.0,1.0,13.0,2.0,0.0,3.0,0.0,0.0,0.0,0.0,1.0,두산,2026,잠실,0.9512583942824044,8.0,24.0,54.0,0.1940298507462686,0.28,0.3582089552238806,0.6382089552238805,0.0859701492537313,0.1641791044776119,0.1733333333333333,0.0933333333333333,0.5384615384615384,0.196078431372549,0.2686567164179104,25.0,22.33333333333333,0.2155522388059702,6.072289156626506,3.036144578313253,14.806,0.5925925925925926,0.2863674620485698,-6.273745204742313,51.016470967971706
2026-03-31,14.0,14.0,127.0,109.0,25.0,14.0,2.0,19.0,6.0,0.0,3.0,1.0,1.0,1.0,0.0,1.0,두산,2026,잠실,0.9512583942824044,16.0,40.0,87.0,0.2293577981651376,0.3253968253968254,0.3669724770642202,0.6923693024610456,0.0960390272316877,0.1376146788990825,0.1496062992125984,0.1102362204724409,0.7368421052631579,0.25,0.2660550458715596,42.333333333333336,36.333333333333336,0.2381716906946265,10.62937062937063,3.29877019532192,26.018,0.6436781609195402,0.3230508561093438,-5.148564385116871,77.19747694374249
2026-04-01,17.0,17.0,162.0,143.0,32.0,15.0,2.0,23.0,6.0,0.0,4.0,1.0,1.0,1.0,0.0,1.0,두산,2026,잠실,0.9512583942824044,22.0,50.0,114.0,0.2237762237762237,0.3043478260869565,0.3496503496503496,0.6539981757373061,0.0805716023107327,0.1258741258741258,0.1419753086419753,0.0925925925925925,0.6521739130434783,0.2393162393162393,0.2307692307692307,40.5,35.75,0.2243691091517178,12.849162011173185,3.043222581593649,32.476,0.5877192982456141,0.3038707766342029,-10.204909230055655,63.47508364049184
2026-04-02,19.0,19.0,196.0,174.0,36.0,17.0,3.0,31.0,7.0,0.0,5.0,1.0,1.0,1.0,0.0,1.0,두산,2026,잠실,0.9512583942824044,24.0,58.0,141.0,0.2068965517241379,0.2871794871794871,0.3333333333333333,0.6205128205128205,0.0802829354553492,0.1264367816091954,0.1581632653061224,0.086734693877551,0.5483870967741935,0.2230215827338129,0.2241379310344827,39.2,34.8,0.2125641025641025,14.23148148148148,2.725177304964539,37.582,0.5531914893617021,0.2892666567150838,-13.670468179039336,58.5100988839528
2026-04-03,24.0,25.0,240.0,209.0,46.0,25.0,4.0,39.0,7.0,0.0,5.0,1.0,1.0,3.0,0.0,1.0,두산,2026,잠실,0.9512583942824044,34.0,68.0,168.0,0.2200956937799043,0.3138075313807531,0.3253588516746411,0.6391663830553942,0.0937118376008488,0.1052631578947368,0.1625,0.1041666666666666,0.6410256410256411,0.2469879518072289,0.2248803827751196,48.0,41.8,0.2225531020399991,17.695167286245354,2.8438661710037176,45.648,0.5773809523809523,0.3059241654872191,-13.299654546454905,67.23735278561604
2026-04-04,25.0,28.0,276.0,243.0,54.0,27.0,4.0,46.0,9.0,0.0,5.0,1.0,1.0,4.0,0.0,1.0,두산,2026,잠실,0.9512583942824044,40.0,78.0,195.0,0.2222222222222222,0.3090909090909091,0.3209876543209876,0.6300785634118967,0.0868686868686868,0.0987654320987654,0.1666666666666666,0.0978260869565217,0.5869565217391305,0.2538860103626943,0.2098765432098765,55.2,48.6,0.219337822671156,20.07166123778501,2.7791530944625404,51.422,0.558974358974359,0.3014428327020757,-16.52526151689467,63.57526252617307
2026-04-05,32.0,36.0,315.0,273.0,62.0,32.0,6.0,56.0,9.0,2.0,6.0,3.0,1.0,4.0,0.0,1.0,두산,2026,잠실,0.9512583942824044,45.0,93.0,219.0,0.2271062271062271,0.3205128205128205,0.3406593406593406,0.6611721611721613,0.0934065934065934,0.1135531135531135,0.1777777777777777,0.1015873015873015,0.5714285714285714,0.2641509433962264,0.2307692307692307,52.5,45.5,0.2293956043956044,24.237960339943346,2.98824168574644,60.002,0.5981735159817352,0.3155391348969988,-13.014597607557846,74.91763772889597
2026-04-06,32.0,36.0,315.0,273.0,62.0,32.0,6.0,56.0,9.0,2.0,6.0,3.0,1.0,4.0,0.0,1.0,두산,2026,잠실,0.9512583942824044,45.0,93.0,219.0,0.2271062271062271,0.3205128205128205,0.3406593406593406,0.6611721611721613,0.0934065934065934,0.1135531135531135,0.1777777777777777,0.1015873015873015,0.5714285714285714,0.2641509433962264,0.2307692307692307,52.5,45.5,0.2293956043956044,24.237960339943346,2.98824168574644,60.002,0.5981735159817352,0.3155391348969988,-13.014597607557846,74.91763772889597
2026-04-07,34.0,38.0,353.0,304.0,68.0,36.0,7.0,64.0,11.0,3.0,6.0,3.0,3.0,4.0,0.0,1.0,두산,2026,잠실,0.9512583942824044,48.0,103.0,246.0,0.2236842105263158,0.3171428571428571,0.3388157894736842,0.6559586466165414,0.0934586466165413,0.1151315789473684,0.1813031161473088,0.1019830028328611,0.5625,0.2616033755274262,0.2335526315789473,58.833333333333336,50.66666666666666,0.2274182330827067,26.27020202020202,2.8833148558758315,67.16799999999999,0.5934959349593496,0.3138333893972089,-13.471559402810303,76.32570613321288
2026-04-08,40.0,45.0,394.0,334.0,76.0,42.0,9.0,66.0,13.0,3.0,6.0,4.0,5.0,4.0,0.0,1.0,두산,2026,잠실,0.9512583942824044,54.0,113.0,271.0,0.2275449101796407,0.3256410256410256,0.3383233532934132,0.6639643789344388,0.0980961154613849,0.1107784431137724,0.1675126903553299,0.1065989847715736,0.6363636363636364,0.2621722846441947,0.2365269461077844,65.66666666666667,55.66666666666666,0.2311192998618148,28.94831460674157,2.884149425763921,76.71199999999999,0.6051660516605166,0.3181820376021577,-13.90208333750594,78.4367484320937
2026-04-09,40.0,45.0,394.0,334.0,76.0,42.0,9.0,66.0,13.0,3.0,6.0,4.0,5.0,4.0,0.0,1.0,두산,2026,잠실,0.9512583942824044,54.0,113.0,271.0,0.2275449101796407,0.3256410256410256,0.3383233532934132,0.6639643789344388,0.0980961154613849,0.1107784431137724,0.1675126903553299,0.1065989847715736,0.6363636363636364,0.2621722846441947,0.2365269461077844,65.66666666666667,55.66666666666666,0.2311192998618148,28.94831460674157,2.884149425763921,76.71199999999999,0.6051660516605166,0.3181820376021577,-13.90208333750594,78.4367484320937
2026-04-10,48.0,53.0,442.0,374.0,87.0,46.0,10.0,79.0,16.0,4.0,6.0,6.0,6.0,6.0,0.0,2.0,두산,2026,잠실,0.9512583942824044,61.0,129.0,305.0,0.232620320855615,0.3279816513761467,0.3449197860962567,0.6729014374724034,0.0953613305205317,0.1122994652406416,0.1787330316742081,0.1040723981900452,0.5822784810126582,0.2745762711864407,0.2352941176470588,73.66666666666667,62.333333333333336,0.2338216896433302,32.37951807228916,2.866383567055106,84.89799999999998,0.6065573770491803,0.3195658606753612,-14.6427817226101,80.05269932372394
2026-04-11,52.0,57.0,478.0,407.0,95.0,47.0,11.0,88.0,19.0,4.0,6.0,6.0,7.0,7.0,0.0,2.0,두산,2026,잠실,0.9512583942824044,66.0,140.0,332.0,0.2334152334152334,0.3241525423728814,0.343980343980344,0.6681328863532254,0.0907373089576479,0.1105651105651105,0.1841004184100418,0.0983263598326359,0.5340909090909091,0.278125,0.226044226044226,79.66666666666667,67.83333333333333,0.2318637300628826,34.73880597014925,2.825143859018162,90.796,0.5963855421686747,0.3171145819605764,-15.5926851544116,80.0518617021255
2026-04-12,53.0,58.0,514.0,440.0,101.0,50.0,11.0,97.0,20.0,5.0,6.0,6.0,7.0,7.0,0.0,2.0,두산,2026,잠실,0.9512583942824044,70.0,149.0,359.0,0.2295454545454545,0.3188976377952756,0.3386363636363636,0.6575340014316392,0.089352183249821,0.109090909090909,0.188715953307393,0.0972762645914396,0.5154639175257731,0.2761627906976744,0.2227272727272727,85.66666666666667,73.33333333333333,0.2281630279169649,36.796521739130434,2.7674264260627344,96.314,0.584958217270195,0.3122598937275579,-17.676464927415363,78.43463782823903
2026-03-28,6.0,6.0,39.0,36.0,11.0,1.0,0.0,6.0,2.0,0.0,3.0,1.0,1.0,0.0,0.0,0.0,롯데,2026,사직,1.0488000917921212,6.0,22.0,27.0,0.3055555555555556,0.3157894736842105,0.6111111111111112,0.9269005847953216,0.0102339181286549,0.3055555555555556,0.1538461538461538,0.0256410256410256,0.1666666666666666,0.2857142857142857,0.3333333333333333,13.0,12.0,0.2948830409356725,5.5,5.5,10.631999999999996,0.8518518518518519,0.3989124452019726,0.6680859575122131,106.61054220048511
2026-03-29,12.0,12.0,77.0,70.0,22.0,5.0,0.0,13.0,3.0,0.0,7.0,1.0,1.0,3.0,0.0,0.0,롯데,2026,사직,1.0488000917921212,12.0,46.0,53.0,0.3142857142857143,0.3552631578947368,0.6571428571428571,1.012406015037594,0.0409774436090225,0.3428571428571428,0.1688311688311688,0.0649350649350649,0.3846153846153846,0.2941176470588235,0.4142857142857143,11.0,10.0,0.3241541353383458,12.341463414634148,6.287160607455132,21.116,0.9622641509433962,0.4226020106285134,3.4091505115550595,123.6260745188057
2026-03-30,12.0,12.0,77.0,70.0,22.0,5.0,0.0,13.0,3.0,0.0,7.0,1.0,1.0,3.0,0.0,0.0,롯데,2026,사직,1.0488000917921212,12.0,46.0,53.0,0.3142857142857143,0.3552631578947368,0.6571428571428571,1.012406015037594,0.0409774436090225,0.3428571428571428,0.1688311688311688,0.0649350649350649,0.3846153846153846,0.2941176470588235,0.4142857142857143,11.0,10.0,0.3241541353383458,12.341463414634148,6.287160607455132,21.116,0.9622641509433962,0.4226020106285134,3.4091505115550595,123.6260745188057
2026-03-31,14.0,14.0,114.0,102.0,27.0,10.0,0.0,24.0,6.0,0.0,7.0,1.0,1.0,4.0,0.0,0.0,롯데,2026,사직,1.0488000917921212,14.0,54.0,81.0,0.2647058823529412,0.3274336283185841,0.5294117647058824,0.8568453930244664,0.0627277459656429,0.2647058823529412,0.2105263157894736,0.087719298245614,0.4166666666666667,0.2777777777777778,0.3627450980392157,16.285714285714285,14.571428571428571,0.2796980739198334,13.5,4.5,25.968,0.7901234567901234,0.3739322310278383,0.5855084892442349,98.62637878624764
2026-04-01,18.0,18.0,154.0,133.0,35.0,16.0,0.0,29.0,6.0,0.0,9.0,3.0,2.0,4.0,0.0,0.0,롯데,2026,사직,1.0488000917921212,20.0,68.0,107.0,0.2631578947368421,0.3377483443708609,0.5112781954887218,0.8490265398595827,0.0745904496340188,0.2481203007518796,0.1883116883116883,0.1038961038961039,0.5517241379310345,0.268041237113402,0.3684210526315789,17.11111111111111,14.77777777777778,0.2798063038390679,16.8,4.239252336448598,35.468,0.7850467289719626,0.3715172525846262,-0.0700914538000535,94.82087397438764
2026-04-02,22.0,22.0,189.0,162.0,41.0,19.0,1.0,33.0,7.0,0.0,10.0,4.0,3.0,5.0,0.0,0.0,롯데,2026,사직,1.0488000917921212,24.0,78.0,133.0,0.2530864197530864,0.3297297297297297,0.4814814814814814,0.8112112112112112,0.0766433099766433,0.228395061728395,0.1746031746031746,0.1005291005291005,0.5757575757575758,0.2540983606557377,0.345679012345679,18.9,16.2,0.2687487487487487,18.28708133971292,3.712415008813901,42.34599999999999,0.7368421052631579,0.358830058615485,-1.2496119113125186,90.72490347839512
2026-04-03,23.0,24.0,227.0,195.0,48.0,24.0,1.0,38.0,9.0,0.0,10.0,4.0,3.0,6.0,0.0,0.0,롯데,2026,사직,1.0488000917921212,29.0,87.0,160.0,0.2461538461538461,0.3273542600896861,0.4461538461538462,0.7735081062435323,0.0812004139358399,0.2,0.1674008810572687,0.105726872246696,0.631578947368421,0.2533333333333333,0.3230769230769231,22.7,19.5,0.2588478785788203,20.714285714285715,3.4955357142857144,49.01599999999999,0.7,0.3491061765986511,-3.782084781456395,83.80409175225803
2026-04-04,29.0,30.0,269.0,227.0,55.0,33.0,1.0,44.0,10.0,0.0,12.0,4.0,4.0,7.0,0.0,2.0,롯데,2026,사직,1.0488000917921212,33.0,101.0,187.0,0.2422907488986784,0.3358490566037735,0.4449339207048458,0.7807829773086195,0.0935583077050951,0.2026431718061674,0.1635687732342007,0.1226765799256505,0.75,0.2457142857142857,0.3480176211453744,22.416666666666668,18.916666666666668,0.2623655556479095,24.666666666666668,3.5614973262032086,58.618,0.7219251336898396,0.3507410595532462,-4.251478904250661,84.2184733968065
2026-04-05,32.0,33.0,308.0,263.0,65.0,36.0,1.0,49.0,14.0,0.0,13.0,4.0,4.0,8.0,0.0,2.0,롯데,2026,사직,1.0488000917921212,38.0,118.0,214.0,0.247148288973384,0.3355263157894737,0.4486692015209125,0.7841955173103863,0.0883780268160896,0.2015209125475285,0.1590909090909091,0.1168831168831168,0.7346938775510204,0.2536585365853658,0.338403041825095,23.692307692307693,20.23076923076923,0.2631541424854913,29.41449275362319,3.7111743193823648,67.488,0.7242990654205608,0.354130894936586,-2.44885396373314,89.35520228347731
2026-04-06,32.0,33.0,308.0,263.0,65.0,36.0,1.0,49.0,14.0,0.0,13.0,4.0,4.0,8.0,0.0,2.0,롯데,2026,사직,1.0488000917921212,38.0,118.0,214.0,0.247148288973384,0.3355263157894737,0.4486692015209125,0.7841955173103863,0.0883780268160896,0.2015209125475285,0.1590909090909091,0.1168831168831168,0.7346938775510204,0.2536585365853658,0.338403041825095,23.692307692307693,20.23076923076923,0.2631541424854913,29.41449275362319,3.7111743193823648,67.488,0.7242990654205608,0.354130894936586,-2.44885396373314,89.35520228347731
2026-04-07,35.0,36.0,350.0,301.0,76.0,39.0,2.0,62.0,16.0,0.0,13.0,4.0,4.0,8.0,0.0,2.0,롯데,2026,사직,1.0488000917921212,47.0,131.0,241.0,0.2524916943521594,0.338150289017341,0.4352159468438538,0.7733662358611949,0.0856585946651816,0.1827242524916943,0.1771428571428571,0.1114285714285714,0.6290322580645161,0.2739130434782608,0.3122923588039867,26.923076923076923,23.15384615384616,0.2609716167687669,33.83887468030691,3.791077246341438,74.774,0.7136929460580913,0.354431553921819,-1.385403398103508,92.1589278698224
2026-04-08,40.0,42.0,389.0,336.0,89.0,42.0,2.0,69.0,17.0,0.0,14.0,4.0,5.0,9.0,0.0,2.0,롯데,2026,사직,1.0488000917921212,58.0,148.0,265.0,0.2648809523809524,0.3454545454545454,0.4404761904761904,0.7859307359307359,0.080573593073593,0.175595238095238,0.1773778920308483,0.1079691516709511,0.6086956521739131,0.2906976744186046,0.3005952380952381,27.785714285714285,24.0,0.2655735930735931,39.30715935334873,4.004880386944965,84.118,0.7245283018867924,0.3595082373412215,-0.1194462255786323,94.8899218205901
2026-04-09,40.0,42.0,389.0,336.0,89.0,42.0,2.0,69.0,17.0,0.0,14.0,4.0,5.0,9.0,0.0,2.0,롯데,2026,사직,1.0488000917921212,58.0,148.0,265.0,0.2648809523809524,0.3454545454545454,0.4404761904761904,0.7859307359307359,0.080573593073593,0.175595238095238,0.1773778920308483,0.1079691516709511,0.6086956521739131,0.2906976744186046,0.3005952380952381,27.785714285714285,24.0,0.2655735930735931,39.30715935334873,4.004880386944965,84.118,0.7245283018867924,0.3595082373412215,-0.1194462255786323,94.8899218205901
2026-04-10,43.0,45.0,425.0,371.0,100.0,43.0,2.0,81.0,17.0,1.0,15.0,4.0,5.0,10.0,0.0,2.0,롯데,2026,사직,1.0488000917921212,67.0,164.0,290.0,0.2695417789757412,0.344418052256532,0.4420485175202156,0.7864665697767477,0.0748762732807908,0.1725067385444744,0.1905882352941176,0.1011764705882353,0.5308641975308642,0.3035714285714285,0.2884097035040431,28.33333333333333,24.73333333333333,0.2655002528954933,43.96595744680851,4.093382245047689,90.97199999999998,0.7206896551724138,0.358638867106912,-0.006331993521738,95.10882790733386
2026-04-11,46.0,48.0,468.0,413.0,111.0,43.0,2.0,89.0,18.0,1.0,15.0,5.0,5.0,10.0,0.0,2.0,롯데,2026,사직,1.0488000917921212,77.0,176.0,322.0,0.2687651331719128,0.3369330453563715,0.4261501210653753,0.7630831664217468,0.0681679121844586,0.1573849878934625,0.1901709401709401,0.0918803418803418,0.4831460674157303,0.3057324840764331,0.261501210653753,31.2,27.53333333333333,0.258157400676711,46.6588693957115,3.912389669826741,98.018,0.6863354037267081,0.3500374037039181,-2.380308766881601,91.24976389279864
2026-04-12,46.0,48.0,501.0,445.0,117.0,44.0,2.0,97.0,20.0,2.0,15.0,5.0,5.0,11.0,0.0,2.0,롯데,2026,사직,1.0488000917921212,80.0,186.0,349.0,0.2629213483146067,0.3286290322580645,0.4179775280898876,0.7466065603479521,0.0657076839434577,0.1550561797752809,0.1936127744510978,0.0878243512974051,0.4536082474226804,0.301775147928994,0.2539325842696629,33.4,29.666666666666668,0.2523774465386009,48.28519195612432,3.735530609786122,102.804,0.664756446991404,0.3426457241898664,-4.596252607237895,88.06677004693115
2026-03-28,3.0,3.0,43.0,35.0,8.0,7.0,1.0,10.0,2.0,0.0,0.0,0.0,0.0,0.0,0.0,0.0,삼성,2026,대구,1.0406172533521605,6.0,10.0,27.0,0.2285714285714285,0.3720930232558139,0.2857142857142857,0.6578073089700996,0.1435215946843853,0.0571428571428571,0.2325581395348837,0.1627906976744186,0.7,0.32,0.2571428571428571,0.0,0.0,0.2388704318936877,3.1372549019607843,3.1372549019607843,7.709999999999999,0.6666666666666666,0.347358917978628,-1.232747945057319,76.70828883133167
2026-03-29,5.0,5.0,79.0,66.0,13.0,10.0,3.0,16.0,5.0,0.0,0.0,0.0,0.0,1.0,0.0,0.0,삼성,2026,대구,1.0406172533521605,8.0,18.0,54.0,0.1969696969696969,0.3291139240506329,0.2727272727272727,0.6018411967779056,0.1321442270809359,0.0757575757575757,0.2025316455696202,0.1265822784810126,0.625,0.26,0.2272727272727272,0.0,0.0,0.2162830840046029,4.891304347826087,2.4456521739130435,13.412,0.5740740740740741,0.305408213191389,-5.195878826803683,53.59211519024956
2026-03-30,5.0,5.0,79.0,66.0,13.0,10.0,3.0,16.0,5.0,0.0,0.0,0.0,0.0,1.0,0.0,0.0,삼성,2026,대구,1.0406172533521605,8.0,18.0,54.0,0.1969696969696969,0.3291139240506329,0.2727272727272727,0.6018411967779056,0.1321442270809359,0.0757575757575757,0.2025316455696202,0.1265822784810126,0.625,0.26,0.2272727272727272,0.0,0.0,0.2162830840046029,4.891304347826087,2.4456521739130435,13.412,0.5740740740740741,0.305408213191389,-5.195878826803683,53.59211519024956
2026-03-31,10.0,10.0,124.0,106.0,22.0,13.0,3.0,24.0,5.0,0.0,2.0,2.0,0.0,1.0,0.0,1.0,삼성,2026,대구,1.0406172533521605,15.0,33.0,87.0,0.2075471698113207,0.3114754098360656,0.3113207547169811,0.6227961645530466,0.1039282400247448,0.1037735849056603,0.1935483870967742,0.1048387096774193,0.5416666666666666,0.25,0.2264150943396226,62.0,53.0,0.2179941231054747,8.25,2.560344827586207,22.088,0.5632183908045977,0.299574271592254,-7.640219252770945,53.87377197842953
2026-04-01,23.0,23.0,167.0,141.0,35.0,18.0,4.0,28.0,8.0,2.0,3.0,2.0,2.0,2.0,0.0,1.0,삼성,2026,대구,1.0406172533521605,22.0,56.0,112.0,0.2482269503546099,0.3454545454545454,0.3971631205673759,0.7426176660219214,0.0972275950999355,0.1489361702127659,0.1676646706586826,0.1077844311377245,0.6428571428571429,0.2857142857142857,0.2765957446808511,55.66666666666666,47.0,0.2547453255963894,15.11111111111111,3.642857142857143,34.90599999999999,0.6964285714285714,0.3437300421018823,-4.366046065432812,78.75648616897553
2026-04-02,27.0,28.0,202.0,170.0,41.0,23.0,4.0,34.0,8.0,2.0,4.0,2.0,3.0,3.0,0.0,1.0,삼성,2026,대구,1.0406172533521605,27.0,65.0,137.0,0.2411764705882353,0.34,0.3823529411764705,0.7223529411764706,0.0988235294117647,0.1411764705882352,0.1683168316831683,0.1138613861386138,0.6764705882352942,0.2740740740740741,0.2764705882352941,50.5,42.5,0.2485882352941176,17.03056768558952,3.3563892519045044,41.48799999999999,0.6715328467153284,0.3364709542799903,-5.43476451908263,78.05349805178355
2026-04-03,29.0,30.0,239.0,204.0,48.0,26.0,4.0,38.0,10.0,3.0,4.0,2.0,3.0,3.0,0.0,1.0,삼성,2026,대구,1.0406172533521605,31.0,76.0,164.0,0.2352941176470588,0.3291139240506329,0.3725490196078431,0.701662943658476,0.093819806403574,0.1372549019607843,0.1589958158995816,0.1087866108786611,0.6842105263157895,0.2666666666666666,0.2647058823529412,59.75,51.0,0.2412385207247455,19.77695167286245,3.255961555898087,48.666,0.6463414634146342,0.3280431682302188,-8.499877575300044,71.78375353316385
2026-04-04,37.0,38.0,281.0,244.0,62.0,27.0,4.0,47.0,14.0,3.0,6.0,3.0,3.0,3.0,0.0,2.0,삼성,2026,대구,1.0406172533521605,39.0,100.0,191.0,0.2540983606557377,0.3345323741007194,0.4098360655737705,0.7443684396744898,0.0804340134449816,0.1557377049180328,0.1672597864768683,0.096085409252669,0.574468085106383,0.2886597938144329,0.2663934426229508,46.833333333333336,40.66666666666666,0.2529985847387663,26.923076923076923,3.805879983890455,59.36399999999999,0.6858638743455497,0.340542516763643,-7.00296473465545,78.74831632187865
2026-04-05,37.0,38.0,315.0,275.0,68.0,30.0,4.0,51.0,14.0,3.0,6.0,3.0,3.0,5.0,0.0,2.0,삼성,2026,대구,1.0406172533521605,45.0,106.0,218.0,0.2472727272727272,0.3269230769230769,0.3854545454545454,0.7123776223776224,0.0796503496503496,0.1381818181818181,0.1619047619047619,0.0952380952380952,0.5882352941176471,0.2805429864253393,0.2472727272727272,52.5,45.833333333333336,0.2434790209790209,27.63896848137536,3.4231749953997004,64.142,0.6422018348623854,0.3300466625228156,-9.063614548084574,75.0759795377389
2026-04-06,37.0,38.0,315.0,275.0,68.0,30.0,4.0,51.0,14.0,3.0,6.0,3.0,3.0,5.0,0.0,2.0,삼성,2026,대구,1.0406172533521605,45.0,106.0,218.0,0.2472727272727272,0.3269230769230769,0.3854545454545454,0.7123776223776224,0.0796503496503496,0.1381818181818181,0.1619047619047619,0.0952380952380952,0.5882352941176471,0.2805429864253393,0.2472727272727272,52.5,45.833333333333336,0.2434790209790209,27.63896848137536,3.4231749953997004,64.142,0.6422018348623854,0.3300466625228156,-9.063614548084574,75.0759795377389
2026-04-07,47.0,48.0,357.0,313.0,79.0,34.0,4.0,56.0,19.0,3.0,8.0,3.0,3.0,5.0,0.0,2.0,삼성,2026,대구,1.0406172533521605,49.0,128.0,245.0,0.2523961661341853,0.3305084745762712,0.4089456869009584,0.7394541614772296,0.0781123084420858,0.1565495207667731,0.1568627450980392,0.0952380952380952,0.6071428571428571,0.2817460317460317,0.2651757188498402,44.625,39.125,0.2509652352845616,34.34936708860759,3.7854404546628775,75.472,0.6775510204081633,0.3417271385248351,-5.234340598077774,84.9701292708074
2026-04-08,52.0,53.0,401.0,352.0,92.0,38.0,5.0,57.0,21.0,3.0,9.0,3.0,3.0,6.0,0.0,2.0,삼성,2026,대구,1.0406172533521605,59.0,146.0,272.0,0.2613636363636363,0.3391959798994975,0.4147727272727273,0.7539687071722248,0.0778323435358611,0.1534090909090909,0.14214463840399,0.0947630922693266,0.6666666666666666,0.28719723183391,0.2613636363636363,44.55555555555556,39.11111111111112,0.2563313727729557,40.44594594594594,4.014854928457869,86.834,0.6948529411764706,0.3484314080921317,-3.882561634121233,88.68374498682896
2026-04-09,52.0,53.0,401.0,352.0,92.0,38.0,5.0,57.0,21.0,3.0,9.0,3.0,3.0,6.0,0.0,2.0,삼성,2026,대구,1.0406172533521605,59.0,146.0,272.0,0.2613636363636363,0.3391959798994975,0.4147727272727273,0.7539687071722248,0.0778323435358611,0.1534090909090909,0.14214463840399,0.0947630922693266,0.6666666666666666,0.28719723183391,0.2613636363636363,44.55555555555556,39.11111111111112,0.2563313727729557,40.44594594594594,4.014854928457869,86.834,0.6948529411764706,0.3484314080921317,-3.882561634121233,88.68374498682896
2026-04-10,60.0,61.0,440.0,384.0,102.0,45.0,5.0,61.0,23.0,5.0,11.0,3.0,3.0,7.0,0.0,2.0,삼성,2026,대구,1.0406172533521605,63.0,168.0,295.0,0.265625,0.3478260869565217,0.4375,0.7853260869565217,0.0822010869565217,0.171875,0.1386363636363636,0.1022727272727272,0.7377049180327869,0.2888888888888888,0.2890625,40.0,34.90909090909091,0.2658967391304347,47.65714285714286,4.361840193704601,98.47200000000002,0.7389830508474576,0.3600766598635366,0.5295843881655165,96.8400711187553
2026-04-11,65.0,66.0,477.0,412.0,108.0,52.0,7.0,67.0,25.0,5.0,11.0,3.0,3.0,9.0,0.0,2.0,삼성,2026,대구,1.0406172533521605,67.0,176.0,319.0,0.2621359223300971,0.3523206751054852,0.4271844660194174,0.7795051411249028,0.0901847527753881,0.1650485436893203,0.140461215932914,0.1090146750524109,0.7761194029850746,0.2878338278931751,0.2912621359223301,43.36363636363637,37.45454545454545,0.2653404203023227,49.91044776119403,4.22439526505404,105.08400000000002,0.7366771159874608,0.3606984762588958,1.826963405068165,98.8527504845828
2026-04-12,72.0,75.0,520.0,448.0,122.0,57.0,8.0,75.0,25.0,6.0,12.0,3.0,4.0,9.0,0.0,2.0,삼성,2026,대구,1.0406172533521605,79.0,195.0,342.0,0.2723214285714285,0.3617021276595745,0.4352678571428571,0.7969699848024316,0.0893806990881459,0.1629464285714286,0.1442307692307692,0.1096153846153846,0.76,0.3013698630136986,0.2901785714285714,43.333333333333336,37.333333333333336,0.2715829217325228,57.0,4.5,116.45000000000005,0.7602339181286549,0.3687205872722637,6.481391906653368,105.52093850694996
2026-03-28,8.0,9.0,54.0,42.0,12.0,11.0,1.0,9.0,3.0,0.0,0.0,0.0,0.0,2.0,0.0,0.0,키움,2026,고척,0.9666905138306804,9.0,15.0,32.0,0.2857142857142857,0.4444444444444444,0.3571428571428571,0.8015873015873016,0.1587301587301587,0.0714285714285714,0.1666666666666666,0.2037037037037037,1.2222222222222223,0.3636363636363636,0.3333333333333333,0.0,0.0,0.2892857142857142,5.0,4.21875,11.008,0.84375,0.4146403630768939,1.6795473718364708,124.1937022955844
2026-03-29,11.0,13.0,91.0,74.0,18.0,13.0,3.0,17.0,5.0,0.0,0.0,0.0,1.0,2.0,0.0,0.0,키움,2026,고척,0.9666905138306804,13.0,23.0,59.0,0.2432432432432432,0.3736263736263736,0.3108108108108108,0.6844371844371844,0.1303831303831303,0.0675675675675675,0.1868131868131868,0.1428571428571428,0.7647058823529411,0.3103448275862069,0.2432432432432432,0.0,0.0,0.2458345708345708,6.663551401869159,3.049421827974022,17.014,0.6610169491525424,0.3428570401346086,-2.785152001712696,83.6253507688041
2026-03-30,11.0,13.0,91.0,74.0,18.0,13.0,3.0,17.0,5.0,0.0,0.0,0.0,1.0,2.0,0.0,0.0,키움,2026,고척,0.9666905138306804,13.0,23.0,59.0,0.2432432432432432,0.3736263736263736,0.3108108108108108,0.6844371844371844,0.1303831303831303,0.0675675675675675,0.1868131868131868,0.1428571428571428,0.7647058823529411,0.3103448275862069,0.2432432432432432,0.0,0.0,0.2458345708345708,6.663551401869159,3.049421827974022,17.014,0.6610169491525424,0.3428570401346086,-2.785152001712696,83.6253507688041
2026-03-31,14.0,16.0,129.0,108.0,27.0,15.0,3.0,24.0,5.0,0.0,0.0,1.0,2.0,2.0,0.0,0.0,키움,2026,고척,0.9666905138306804,22.0,32.0,86.0,0.25,0.3515625,0.2962962962962963,0.6478587962962963,0.1015625,0.0462962962962962,0.1860465116279069,0.1162790697674418,0.625,0.313953488372093,0.1851851851851851,0.0,0.0,0.232277199074074,8.70748299319728,2.73374466065496,23.538,0.5813953488372093,0.3231938148247734,-5.213089154702243,75.74187842045622
2026-04-01,22.0,27.0,178.0,151.0,42.0,20.0,4.0,32.0,11.0,0.0,0.0,1.0,2.0,3.0,0.0,0.0,키움,2026,고척,0.9666905138306804,31.0,53.0,115.0,0.2781456953642384,0.3728813559322034,0.3509933774834437,0.7238747334156471,0.094735660567965,0.0728476821192053,0.1797752808988764,0.1123595505617977,0.625,0.3471074380165289,0.2052980132450331,0.0,0.0,0.2555449545403525,15.742574257425742,3.696082651743435,35.044000000000004,0.6695652173913044,0.3519030387870883,-3.308695785247839,91.1148265925285
2026-04-02,23.0,28.0,215.0,183.0,49.0,24.0,5.0,41.0,13.0,0.0,0.0,1.0,2.0,5.0,0.0,0.0,키움,2026,고척,0.9666905138306804,36.0,62.0,142.0,0.2677595628415301,0.3644859813084112,0.3387978142076502,0.7032837955160615,0.0967264184668811,0.0710382513661201,0.1906976744186046,0.1116279069767441,0.5853658536585366,0.3402777777777778,0.2021857923497267,0.0,0.0,0.2487181451406976,17.78688524590164,3.3820133918263684,40.502,0.6408450704225352,0.3432796519479032,-4.455921551960462,89.5539937887179
2026-04-03,28.0,33.0,251.0,215.0,60.0,27.0,5.0,50.0,16.0,0.0,0.0,2.0,2.0,7.0,0.0,0.0,키움,2026,고척,0.9666905138306804,44.0,76.0,166.0,0.2790697674418604,0.3694779116465863,0.3534883720930232,0.7229662837396096,0.0904081442047258,0.0744186046511627,0.199203187250996,0.1075697211155378,0.54,0.3592814371257485,0.2,0.0,0.0,0.2546371532642196,21.752650176678443,3.5380816552428795,47.18,0.6506024096385542,0.3508811491195515,-3.78211878922112,93.09695584448296
2026-04-04,32.0,37.0,290.0,251.0,70.0,29.0,5.0,58.0,20.0,0.0,0.0,2.0,3.0,7.0,0.0,0.0,키움,2026,고척,0.9666905138306804,50.0,90.0,193.0,0.2788844621513944,0.3611111111111111,0.3585657370517928,0.7196768481629039,0.0822266489597167,0.0796812749003984,0.2,0.1,0.5,0.3571428571428571,0.1952191235059761,0.0,0.0,0.2521414342629482,25.55555555555556,3.5751295336787563,54.946,0.6424870466321243,0.3461122604009328,-5.783353176058903,89.57530481476232
2026-04-05,37.0,42.0,330.0,286.0,79.0,33.0,6.0,67.0,21.0,0.0,2.0,2.0,3.0,9.0,0.0,0.0,키움,2026,고척,0.9666905138306804,56.0,106.0,221.0,0.2762237762237762,0.3597560975609756,0.3706293706293706,0.7303854681903462,0.0835323213371994,0.0944055944055944,0.203030303030303,0.1,0.4925373134328358,0.35,0.2097902097902098,165.0,143.0,0.2545475865597817,29.87533875338753,3.649928263988522,63.154,0.6561085972850679,0.3491326776980878,-4.04980740169647,94.43296420280346
2026-04-06,37.0,42.0,330.0,286.0,79.0,33.0,6.0,67.0,21.0,0.0,2.0,2.0,3.0,9.0,0.0,0.0,키움,2026,고척,0.9666905138306804,56.0,106.0,221.0,0.2762237762237762,0.3597560975609756,0.3706293706293706,0.7303854681903462,0.0835323213371994,0.0944055944055944,0.203030303030303,0.1,0.4925373134328358,0.35,0.2097902097902098,165.0,143.0,0.2545475865597817,29.87533875338753,3.649928263988522,63.154,0.6561085972850679,0.3491326776980878,-4.04980740169647,94.43296420280346
2026-04-07,40.0,47.0,370.0,320.0,86.0,38.0,6.0,79.0,21.0,0.0,2.0,2.0,4.0,10.0,0.0,0.0,키움,2026,고척,0.9666905138306804,63.0,113.0,250.0,0.26875,0.3532608695652174,0.353125,0.7063858695652174,0.0845108695652174,0.084375,0.2135135135135135,0.1027027027027027,0.4810126582278481,0.345679012345679,0.203125,185.0,160.0,0.2472486413043478,31.115942028985508,3.360521739130435,68.528,0.628,0.3408115359096784,-5.710369812309668,91.78573569206084
2026-04-08,43.0,50.0,411.0,353.0,93.0,45.0,7.0,89.0,22.0,1.0,3.0,2.0,4.0,11.0,0.0,0.0,키움,2026,고척,0.9666905138306804,67.0,126.0,277.0,0.263456090651558,0.3545232273838631,0.3569405099150141,0.7114637372988772,0.091067136732305,0.093484419263456,0.2165450121654501,0.1094890510948905,0.5056179775280899,0.3396226415094339,0.2209631728045325,137.0,117.66666666666669,0.2487705798014919,34.83369330453564,3.395341946651488,76.53800000000001,0.6425992779783394,0.3423955325214795,-6.079021257134125,92.24871972574176
2026-04-09,43.0,50.0,411.0,353.0,93.0,45.0,7.0,89.0,22.0,1.0,3.0,2.0,4.0,11.0,0.0,0.0,키움,2026,고척,0.9666905138306804,67.0,126.0,277.0,0.263456090651558,0.3545232273838631,0.3569405099150141,0.7114637372988772,0.091067136732305,0.093484419263456,0.2165450121654501,0.1094890510948905,0.5056179775280899,0.3396226415094339,0.2209631728045325,137.0,117.66666666666669,0.2487705798014919,34.83369330453564,3.395341946651488,76.53800000000001,0.6425992779783394,0.3423955325214795,-6.079021257134125,92.24871972574176
2026-04-10,44.0,51.0,442.0,384.0,97.0,45.0,7.0,100.0,23.0,1.0,4.0,2.0,4.0,12.0,0.0,0.0,키움,2026,고척,0.9666905138306804,69.0,134.0,305.0,0.2526041666666667,0.3386363636363636,0.3489583333333333,0.6875946969696969,0.0860321969696969,0.0963541666666666,0.2262443438914027,0.1018099547511312,0.45,0.3274647887323944,0.2135416666666666,110.5,96.0,0.2396259469696969,35.534412955465584,3.1456693435985925,79.69,0.6098360655737705,0.3292695050311098,-11.007933574589012,84.67103810138362
2026-04-11,45.0,52.0,477.0,417.0,102.0,46.0,7.0,112.0,23.0,1.0,4.0,3.0,4.0,12.0,0.0,0.0,키움,2026,고척,0.9666905138306804,74.0,139.0,334.0,0.2446043165467626,0.3270042194092827,0.3333333333333333,0.6603375527426161,0.0823999028625201,0.0887290167865707,0.2348008385744235,0.0964360587002096,0.4107142857142857,0.321311475409836,0.1990407673860911,119.25,104.25,0.2304852320675105,35.66792452830189,2.883335216359733,82.834,0.5748502994011976,0.3174992469495421,-15.406609144055688,78.75345040822154
2026-04-12,47.0,54.0,510.0,444.0,107.0,50.0,7.0,121.0,24.0,1.0,5.0,5.0,4.0,12.0,0.0,0.0,키움,2026,고척,0.9666905138306804,77.0,148.0,358.0,0.240990990990991,0.3247524752475247,0.3333333333333333,0.6580858085808581,0.0837614842565337,0.0923423423423423,0.2372549019607843,0.0980392156862745,0.4132231404958678,0.3167701863354037,0.2049549549549549,102.0,88.8,0.2294719471947194,37.326278659612,2.8151104017025808,88.22200000000001,0.5726256983240223,0.3161338797989579,-15.899331808316235,79.36304710817056
2026-03-28,9.0,10.0,50.0,46.0,16.0,4.0,0.0,9.0,2.0,0.0,2.0,0.0,0.0,2.0,0.0,0.0,한화,2026,대전,1.019564452032887,12.0,24.0,32.0,0.3478260869565217,0.4,0.5217391304347826,0.9217391304347826,0.0521739130434782,0.1739130434782608,0.18,0.08,0.4444444444444444,0.4,0.2608695652173913,25.0,23.0,0.3104347826086956,8.0,6.75,11.948,0.875,0.4294171406010971,2.211503893575603,127.71173010744864
2026-03-29,18.0,20.0,94.0,86.0,31.0,7.0,0.0,18.0,5.0,0.0,3.0,0.0,1.0,2.0,0.0,0.0,한화,2026,대전,1.019564452032887,23.0,45.0,58.0,0.3604651162790697,0.4042553191489361,0.5232558139534884,0.9275111331024246,0.0437902028698664,0.1627906976744186,0.1914893617021276,0.0744680851063829,0.3888888888888889,0.4242424242424242,0.2441860465116279,31.33333333333333,28.666666666666668,0.3127288471053934,15.594059405940596,7.259303516558552,22.99600000000001,0.896551724137931,0.416499094402376,3.623138514236783,122.85997817163916
2026-03-30,18.0,20.0,94.0,86.0,31.0,7.0,0.0,18.0,5.0,0.0,3.0,0.0,1.0,2.0,0.0,0.0,한화,2026,대전,1.019564452032887,23.0,45.0,58.0,0.3604651162790697,0.4042553191489361,0.5232558139534884,0.9275111331024246,0.0437902028698664,0.1627906976744186,0.1914893617021276,0.0744680851063829,0.3888888888888889,0.4242424242424242,0.2441860465116279,31.33333333333333,28.666666666666668,0.3127288471053934,15.594059405940596,7.259303516558552,22.99600000000001,0.896551724137931,0.416499094402376,3.623138514236783,122.85997817163916
2026-03-31,22.0,24.0,136.0,122.0,40.0,13.0,0.0,29.0,6.0,0.0,4.0,0.0,1.0,3.0,0.0,0.0,한화,2026,대전,1.019564452032887,30.0,58.0,86.0,0.3278688524590163,0.3897058823529412,0.4754098360655737,0.865115718418515,0.0618370298939248,0.1475409836065573,0.213235294117647,0.0955882352941176,0.4482758620689655,0.4,0.2540983606557377,34.0,30.5,0.294220106075217,19.073825503355703,5.988294053379117,30.688,0.8255813953488372,0.3969952703322091,3.514185134230682,115.6843172153653
2026-04-01,33.0,35.0,188.0,164.0,54.0,19.0,2.0,40.0,8.0,0.0,6.0,1.0,2.0,3.0,0.0,0.0,한화,2026,대전,1.019564452032887,40.0,80.0,116.0,0.3292682926829268,0.4010695187165775,0.4878048780487805,0.8888743967653581,0.0718012260336506,0.1585365853658536,0.2127659574468085,0.101063829787234,0.475,0.4,0.274390243902439,31.33333333333333,27.33333333333333,0.302432502934655,26.41148325358852,6.14750041247319,43.59,0.8706896551724138,0.406028746529887,5.912638827431817,118.71258157776174
2026-04-02,41.0,43.0,229.0,201.0,64.0,21.0,4.0,51.0,9.0,0.0,8.0,1.0,2.0,4.0,0.0,0.0,한화,2026,대전,1.019564452032887,47.0,97.0,144.0,0.3184079601990049,0.3903508771929824,0.4825870646766169,0.8729379418695994,0.0719429169939774,0.1641791044776119,0.222707423580786,0.0917030567685589,0.4117647058823529,0.3888888888888889,0.2686567164179104,28.625,25.125,0.2963046609059963,31.31496062992126,5.871555118110236,52.04200000000001,0.8472222222222222,0.3987272456965814,6.77814624419607,117.71922844812585
2026-04-03,50.0,54.0,276.0,240.0,77.0,26.0,7.0,54.0,12.0,0.0,9.0,1.0,2.0,5.0,0.0,0.0,한화,2026,대전,1.019564452032887,56.0,116.0,171.0,0.3208333333333333,0.4,0.4833333333333333,0.8833333333333333,0.0791666666666666,0.1624999999999999,0.1956521739130435,0.0942028985507246,0.4814814814814814,0.3798882681564245,0.2708333333333333,30.666666666666668,26.666666666666668,0.3008333333333333,38.29126213592233,6.045988758303525,64.268,0.8713450292397661,0.4065993029248517,9.642481094625548,121.77167732358912
2026-04-04,59.0,63.0,323.0,278.0,90.0,32.0,9.0,64.0,16.0,0.0,9.0,1.0,3.0,7.0,0.0,0.0,한화,2026,대전,1.019564452032887,65.0,133.0,199.0,0.3237410071942446,0.4068322981366459,0.4784172661870504,0.8852495643236964,0.0830912909424013,0.1546762589928058,0.1981424148606811,0.0990712074303405,0.5,0.3894230769230769,0.2697841726618705,35.888888888888886,30.88888888888889,0.3026788507082533,43.84615384615385,5.948975647468109,74.368,0.8743718592964824,0.4091108371393514,11.748801599237286,123.13295346469776
2026-04-05,59.0,63.0,359.0,309.0,95.0,35.0,10.0,72.0,17.0,0.0,9.0,2.0,3.0,7.0,0.0,0.0,한화,2026,대전,1.019564452032887,69.0,139.0,226.0,0.3074433656957929,0.392156862745098,0.4498381877022653,0.8419950504473634,0.0847134970493051,0.1423948220064724,0.2005571030640668,0.0974930362116991,0.4861111111111111,0.3722943722943723,0.255663430420712,39.888888888888886,34.333333333333336,0.2889301351608604,44.03960396039604,5.26136861473758,79.324,0.8141592920353983,0.3929429477486066,9.192192396132508,116.60859388370048
2026-04-06,59.0,63.0,359.0,309.0,95.0,35.0,10.0,72.0,17.0,0.0,9.0,2.0,3.0,7.0,0.0,0.0,한화,2026,대전,1.019564452032887,69.0,139.0,226.0,0.3074433656957929,0.392156862745098,0.4498381877022653,0.8419950504473634,0.0847134970493051,0.1423948220064724,0.2005571030640668,0.0974930362116991,0.4861111111111111,0.3722943722943723,0.255663430420712,39.888888888888886,34.333333333333336,0.2889301351608604,44.03960396039604,5.26136861473758,79.324,0.8141592920353983,0.3929429477486066,9.192192396132508,116.60859388370048
2026-04-07,65.0,69.0,402.0,343.0,103.0,42.0,11.0,81.0,18.0,0.0,9.0,3.0,3.0,7.0,0.0,1.0,한화,2026,대전,1.019564452032887,76.0,148.0,253.0,0.3002915451895043,0.3909774436090225,0.4314868804664723,0.8224643240754949,0.0906858984195181,0.1311953352769679,0.2014925373134328,0.1044776119402985,0.5185185185185185,0.3671875,0.2536443148688047,44.66666666666666,38.11111111111112,0.2838115697406782,46.51428571428571,4.963975155279503,86.862,0.7944664031620553,0.3876962092385814,9.675271419617454,116.04786720830656
2026-04-08,68.0,73.0,437.0,375.0,108.0,45.0,11.0,88.0,19.0,0.0,10.0,3.0,3.0,8.0,0.0,1.0,한화,2026,대전,1.019564452032887,79.0,157.0,281.0,0.288,0.3778801843317972,0.4186666666666667,0.7965468509984639,0.0898801843317972,0.1306666666666667,0.2013729977116704,0.102974828375286,0.5113636363636364,0.35,0.2506666666666666,43.7,37.5,0.2747127496159754,47.76876267748479,4.589881111359748,92.28600000000002,0.7580071174377224,0.3750927431893665,5.629984131831425,107.69652597442064
2026-04-09,68.0,73.0,437.0,375.0,108.0,45.0,11.0,88.0,19.0,0.0,10.0,3.0,3.0,8.0,0.0,1.0,한화,2026,대전,1.019564452032887,79.0,157.0,281.0,0.288,0.3778801843317972,0.4186666666666667,0.7965468509984639,0.0898801843317972,0.1306666666666667,0.2013729977116704,0.102974828375286,0.5113636363636364,0.35,0.2506666666666666,43.7,37.5,0.2747127496159754,47.76876267748479,4.589881111359748,92.28600000000002,0.7580071174377224,0.3750927431893665,5.629984131831425,107.69652597442064
2026-04-10,73.0,78.0,472.0,408.0,115.0,47.0,11.0,95.0,21.0,0.0,12.0,3.0,3.0,9.0,0.0,1.0,한화,2026,대전,1.019564452032887,82.0,172.0,308.0,0.2818627450980392,0.3688699360341151,0.4215686274509804,0.7904385634850956,0.0870071909360759,0.1397058823529411,0.2012711864406779,0.0995762711864406,0.4947368421052631,0.3388157894736842,0.2549019607843137,39.333333333333336,34.0,0.2713836280780969,51.27547169811321,4.494927713795638,99.44,0.7467532467532467,0.3696422420578746,4.394430633700658,105.01923625876972
2026-04-11,78.0,83.0,511.0,442.0,125.0,50.0,11.0,101.0,22.0,1.0,13.0,4.0,4.0,9.0,0.0,1.0,한화,2026,대전,1.019564452032887,89.0,188.0,334.0,0.2828054298642534,0.3668639053254438,0.4253393665158371,0.7922032718412808,0.0840584754611903,0.1425339366515837,0.197651663405088,0.0978473581213307,0.495049504950495,0.3373493975903614,0.255656108597285,39.30769230769231,34.0,0.2714235990254089,55.54545454545455,4.490201415351116,108.602,0.7455089820359282,0.3698105584722803,5.851398115393009,106.7569564668324
2026-04-12,81.0,86.0,549.0,476.0,133.0,54.0,11.0,112.0,23.0,1.0,13.0,4.0,4.0,10.0,0.0,1.0,한화,2026,대전,1.019564452032887,96.0,197.0,361.0,0.2794117647058823,0.363302752293578,0.4138655462184873,0.7771682985120654,0.0838909875876956,0.134453781512605,0.2040072859744991,0.0983606557377049,0.4821428571428571,0.3380281690140845,0.2478991596638655,42.23076923076923,36.61538461538461,0.2669526250867319,57.75244299674267,4.319434794770228,114.084,0.7257617728531855,0.3641381886053892,4.755155727078345,104.70262685448928
