date,gameId,Time,Away,Away_R,Home_R,Home,Stadium,Review_URL,ELO_pre_away,ELO_pre_home,away_win_prob,home_win_prob,elo_post_away,elo_post_home,away_starter,home_starter,away_starter_rgs,home_starter_rgs,away_team_rgs,home_team_rgs,away_adj,home_adj,elo_match_away,elo_match_home
2026-03-28,20260328HTSK0,14:00,KIA,6.0,7.0,SSG,문학,20260328HTSK0,1500.0,1500.0,0.4933,0.5067,1498.6665,1501.3335,네일,화이트,60.2704,56.9,50.4556,51.8028,40.2407,20.8986,1540.2407,1544.8986
2026-03-28,20260328KTLG0,14:00,KT,11.0,7.0,LG,잠실,20260328KTLG0,1500.0,1500.0,0.4443,0.5557,1503.488,1496.512,사우어,치리노스,50.624,56.2167,51.584,53.5528,-3.9363,10.9219,1496.0637,1534.9219
2026-03-28,20260328LTSS0,14:00,롯데,6.0,3.0,삼성,대구,20260328LTSS0,1500.0,1500.0,0.4394,0.5606,1503.0311,1496.9689,로드리게스,후라도,50.624,58.5,47.8688,51.2715,11.2964,29.6367,1511.2964,1553.6367
2026-03-28,20260328OBNC0,14:00,두산,0.0,6.0,NC,창원,20260328OBNC0,1500.0,1500.0,0.4435,0.5565,1496.6341,1503.3659,플렉센,구창모,50.624,51.2333,50.4382,47.2889,0.7616,16.1722,1500.7616,1540.1722
2026-03-28,20260328WOHH0,14:00,키움,9.0,10.0,한화,대전,20260328WOHH0,1500.0,1500.0,0.5536,0.4464,1498.5034,1501.4966,알칸타라,에르난데스,56.0579,50.624,46.216,55.7611,40.3519,-21.0623,1540.3519,1502.9377
2026-03-29,20260329HTSK0,14:00,KIA,6.0,11.0,SSG,문학,20260329HTSK0,1498.6665,1501.3335,0.4107,0.5893,1495.7931,1504.2069,이의리,김건우,40.95,51.0923,50.4556,51.8028,-38.9728,-2.9129,1459.6937,1522.4206
2026-03-29,20260329KTLG0,14:00,KT,6.0,5.0,LG,잠실,20260329KTLG0,1503.488,1496.512,0.5012,0.4988,1504.8406,1495.1594,소형준,임찬규,56.8792,54.4926,51.584,53.5528,21.7101,3.8532,1525.198,1524.3653
2026-03-29,20260329LTSS0,14:00,롯데,6.0,2.0,삼성,대구,20260329LTSS0,1503.0311,1496.9689,0.51,0.49,1506.1154,1493.8846,비슬리,최원태,50.624,47.9625,47.8688,51.2715,11.2964,-13.567,1514.3274,1507.4019
2026-03-29,20260329OBNC0,14:00,두산,9.0,6.0,NC,창원,20260329OBNC0,1496.6341,1503.3659,0.4556,0.5444,1499.5687,1500.4313,곽빈,테일러,53.7158,50.624,50.4382,47.2889,13.4381,13.6738,1510.0722,1541.0397
2026-03-29,20260329WOHH0,14:00,키움,4.0,10.0,한화,대전,20260329WOHH0,1498.5034,1501.4966,0.5119,0.4881,1494.613,1505.387,하영민,왕옌청,49.6857,50.624,46.216,55.7611,14.2259,-21.0623,1512.7293,1504.4343
2026-03-31,20260331HTLG0,18:30,KIA,7.0,2.0,LG,잠실,20260331HTLG0,1495.7931,1495.1594,0.4852,0.5148,1499.3914,1491.5611,올러,톨허스트,57.2269,56.9,50.4556,53.5528,27.7626,13.7236,1524.9079,1535.183
2026-03-31,20260331KTHH0,18:30,KT,9.0,4.0,한화,대전,20260331KTHH0,1504.8406,1505.387,0.4873,0.5127,1508.4227,1501.805,보쉴리,화이트,50.624,50.624,51.584,55.7611,-3.9363,-21.0623,1501.7743,1510.6247
2026-03-31,20260331LTNC0,18:30,롯데,2.0,9.0,NC,창원,20260331LTNC0,1506.1154,1500.4313,0.4569,0.5431,1502.4198,1504.127,박세웅,토다,48.6321,50.624,47.8688,47.2889,3.1299,13.6738,1510.3687,1540.4051
2026-03-31,20260331OBSS0,18:30,두산,5.0,5.0,삼성,대구,20260331OBSS0,1499.5687,1493.8846,0.5208,0.4792,1499.5687,1493.8846,잭로그,오러클린,58.0724,50.624,50.4382,51.2715,31.3003,-2.655,1531.9923,1517.5295
2026-03-31,20260331WOSK0,18:30,키움,3.0,9.0,SSG,문학,20260331WOSK0,1494.613,1504.2069,0.4825,0.5175,1490.9353,1507.8846,와일스,베니지아노,50.624,50.624,46.216,51.8028,18.0727,-4.8332,1513.5033,1525.6737
2026-04-01,20260401HTLG0,18:30,KIA,2.0,7.0,LG,잠실,20260401HTLG0,1499.3914,1491.5611,0.4615,0.5385,1496.178,1494.7744,양현종,송승기,46.8167,52.5111,50.4556,53.5528,-14.9194,-4.2708,1484.4719,1511.2903
2026-04-01,20260401KTHH0,18:30,KT,14.0,11.0,한화,대전,20260401KTHH0,1508.4227,1501.805,0.5033,0.4967,1511.1164,1499.1113,고영표,류현진,55.4385,54.8231,51.584,55.7611,15.8032,-3.8459,1524.2258,1521.9591
2026-04-01,20260401LTNC0,18:30,롯데,4.0,5.0,NC,창원,20260401LTNC0,1502.4198,1504.127,0.4777,0.5223,1501.1273,1505.4194,나균안,신민혁,50.4,47.3286,47.8688,47.2889,10.3781,0.1627,1512.7979,1528.2897
2026-04-01,20260401OBSS0,18:30,두산,3.0,13.0,삼성,대구,20260401OBSS0,1499.5687,1493.8846,0.5191,0.4809,1494.7266,1498.7266,최승용,양창섭,49.8565,42.9833,50.4382,51.2715,-2.3849,-33.9816,1497.1838,1483.903
2026-04-01,20260401WOSK0,18:30,키움,11.0,2.0,SSG,문학,20260401WOSK0,1490.9353,1507.8846,0.4741,0.5259,1495.6222,1503.1977,배동현,타케다,50.624,50.624,46.216,51.8028,18.0727,-4.8332,1509.008,1527.0514
2026-04-02,20260402HTLG0,18:30,KIA,1.0,2.0,LG,잠실,20260402HTLG0,1496.178,1494.7744,0.4447,0.5553,1494.9767,1495.9758,김태형,웰스,48.4,55.4,50.4556,53.5528,-8.4278,7.5736,1487.7503,1526.348
2026-04-02,20260402KTHH0,18:30,KT,13.0,8.0,한화,대전,20260402KTHH0,1511.1164,1499.1113,0.4905,0.5095,1514.6963,1495.5314,오원석,문동주,52.06,54.9217,51.584,55.7611,1.9515,-3.4414,1513.0679,1519.6698
2026-04-02,20260402LTNC0,18:30,롯데,4.0,8.0,NC,창원,20260402LTNC0,1501.1273,1505.4194,0.3596,0.6404,1498.8659,1507.6809,김진욱,버하겐,33.65,50.624,47.8688,47.2889,-58.2969,13.6738,1442.8305,1543.0932
2026-04-02,20260402OBSS0,18:30,두산,2.0,5.0,삼성,대구,20260402OBSS0,1494.7266,1498.7266,0.4899,0.5101,1492.0733,1501.38,최민석,이승현,49.7667,45.487,50.4382,51.2715,-2.7533,-23.7167,1491.9734,1499.0099
2026-04-02,20260402WOSK0,18:30,키움,1.0,11.0,SSG,문학,20260402WOSK0,1495.6222,1503.1977,0.4597,0.5403,1491.3086,1507.5112,정현우,최민준,42.2889,47.025,46.216,51.8028,-16.101,-19.5889,1479.5211,1507.6088
2026-04-03,20260403HHOB0,18:30,한화,11.0,6.0,두산,잠실,20260403HHOB0,1495.5314,1492.0733,0.4502,0.5498,1499.3794,1488.2253,에르난데스,플렉센,49.1792,48.3792,54.0089,49.6706,-19.8019,-5.2947,1474.2995,1509.0196
2026-04-03,20260403LGWO0,18:30,LG,2.0,5.0,키움,고척,20260403LGWO0,1495.9758,1491.3086,0.4138,0.5862,1493.7432,1493.5412,치리노스,알칸타라,48.9533,53.9263,50.8422,45.7728,-7.7444,33.4295,1487.4683,1547.9646
2026-04-03,20260403NCHT0,18:30,NC,5.0,2.0,KIA,광주,20260403NCHT0,1507.6809,1494.9767,0.4486,0.5514,1510.6795,1491.9781,구창모,네일,54.3667,62.8963,48.9311,51.4244,22.2858,47.0346,1528.4018,1564.2583
2026-04-03,20260403SKLT0,18:30,SSG,17.0,2.0,롯데,사직,20260403SKLT0,1507.5112,1498.8659,0.4609,0.5391,1513.3636,1493.0135,화이트,로드리게스,52.0,52.4792,51.2022,49.015,3.2709,14.2031,1508.825,1536.0509
2026-04-03,20260403SSKT0,18:30,삼성,2.0,1.0,KT,수원,20260403SSKT0,1501.38,1514.6963,0.4977,0.5023,1502.7297,1513.3465,후라도,사우어,56.68,48.0792,51.0372,51.2272,23.1354,-12.907,1522.793,1524.4189
2026-04-04,20260404HHOB0,14:00,한화,9.0,3.0,두산,잠실,20260404HHOB0,1499.3794,1488.2253,0.4638,0.5362,1503.4693,1484.1354,왕옌청,곽빈,51.5792,50.2526,54.0089,49.6706,-9.9619,2.3865,1489.4175,1514.6118
2026-04-04,20260404LGWO0,17:00,LG,6.0,4.0,키움,고척,20260404LGWO0,1493.7432,1493.5412,0.4816,0.5184,1495.9648,1491.3196,임찬규,하영민,52.7741,45.0286,50.8422,45.7728,7.9206,-3.0512,1501.6638,1514.4899
2026-04-04,20260404NCHT0,17:00,NC,6.0,0.0,KIA,광주,20260404NCHT0,1510.6795,1491.9781,0.5832,0.4168,1513.8694,1488.7882,테일러,이의리,52.0792,39.04,48.9311,51.4244,12.907,-50.7762,1523.5865,1465.2019
2026-04-04,20260404SKLT0,17:00,SSG,7.0,6.0,롯데,사직,20260404SKLT0,1513.3636,1493.0135,0.4723,0.5277,1514.8035,1491.5736,김건우,비슬리,51.2538,52.8792,51.2022,49.015,0.2117,15.8431,1513.5753,1532.8566
2026-04-04,20260404SSKT0,17:00,삼성,8.0,6.0,KT,수원,20260404SSKT0,1502.7297,1513.3465,0.4245,0.5755,1505.1835,1510.8927,최원태,소형준,47.85,52.4833,51.0372,51.2272,-13.0676,5.1501,1489.6621,1542.4965
2026-04-05,20260405HHOB0,14:00,한화,0.0,8.0,두산,잠실,20260405HHOB0,1503.4693,1484.1354,0.3966,0.6034,1500.1,1487.5047,황준서,잭로그,46.9417,59.2379,54.0089,49.6706,-28.9756,39.2262,1474.4937,1547.3616
2026-04-05,20260405LGWO0,14:00,LG,6.0,5.0,키움,고척,20260405LGWO0,1495.9648,1491.3196,0.4362,0.5638,1497.492,1489.7923,톨허스트,와일스,49.7,50.7792,50.8422,45.7728,-4.6831,20.5262,1491.2817,1535.8458
2026-04-05,20260405NCHT0,14:00,NC,0.0,3.0,KIA,광주,20260405NCHT0,1513.8694,1488.7882,0.4669,0.5331,1511.3738,1491.2838,토다,올러,51.2792,59.6615,48.9311,51.4244,9.627,33.7721,1523.4964,1546.5603
2026-04-05,20260405SKLT0,14:00,SSG,4.0,3.0,롯데,사직,20260405SKLT0,1514.8035,1491.5736,0.5042,0.4958,1516.158,1490.2192,베니지아노,박세웅,51.3792,48.2857,51.2022,49.015,0.7255,-2.9901,1515.529,1512.5836
2026-04-05,20260405SSKT0,14:00,삼성,0.0,2.0,KT,수원,20260405SSKT0,1505.1835,1510.8927,0.4305,0.5695,1503.3342,1512.742,오러클린,보쉴리,48.2792,53.0792,51.0372,51.2272,-11.308,7.593,1493.8755,1542.4857
2026-04-07,20260407HHSK0,18:30,한화,6.0,2.0,SSG,문학,20260407HHSK0,1500.1,1516.158,0.4701,0.5299,1503.4019,1512.8561,류현진,타케다,55.4385,48.1792,54.0089,51.2022,5.8612,-12.3945,1507.3134,1528.1063
2026-04-07,20260407KTLT0,18:30,KT,7.0,3.0,롯데,사직,20260407KTLT0,1512.742,1490.2192,0.5,0.5,1515.913,1487.0481,고영표,나균안,52.9308,49.9,51.2272,49.015,6.9845,3.6285,1520.1309,1520.1477
2026-04-07,20260407LGNC0,18:30,LG,2.0,0.0,NC,창원,20260407LGNC0,1497.492,1511.3738,0.4452,0.5548,1499.8541,1509.0117,송승기,버하겐,52.7889,50.8792,50.8422,48.9311,7.9813,7.987,1505.8863,1544.096
2026-04-07,20260407SSHT0,18:30,삼성,10.0,3.0,KIA,광주,20260407SSHT0,1503.3342,1491.2838,0.4722,0.5278,1507.6379,1486.9801,양창섭,양현종,44.9667,46.7333,51.0372,51.4244,-24.8893,-19.2336,1479.0309,1498.3503
2026-04-07,20260407WOOB0,18:30,키움,5.0,2.0,두산,잠실,20260407WOOB0,1489.7923,1487.5047,0.5296,0.4704,1492.338,1484.959,배동현,최승용,52.8792,46.2652,45.7728,49.6706,29.1362,-13.9619,1520.4655,1499.8428
2026-04-08,20260408HHSK0,18:30,한화,4.0,3.0,SSG,문학,20260408HHSK0,1503.4019,1512.8561,0.4311,0.5689,1504.9332,1511.3248,문동주,최민준,50.2174,51.0,54.0089,51.2022,-15.5451,-0.8291,1487.8568,1536.027
2026-04-08,20260408KTLT0,18:30,KT,1.0,6.0,롯데,사직,20260408KTLT0,1515.913,1487.0481,0.6018,0.3982,1511.762,1491.1992,오원석,김진욱,55.728,37.2,51.2272,49.015,18.4532,-48.4415,1534.3662,1462.6066
2026-04-08,20260408LGNC0,18:30,LG,5.0,4.0,NC,창원,20260408LGNC0,1499.8541,1509.0117,0.4939,0.5061,1501.2167,1507.6492,웰스,신민혁,56.2,47.2429,50.8422,48.9311,21.9669,-6.9218,1521.821,1526.0899
2026-04-08,20260408SSHT0,18:30,삼성,5.0,15.0,KIA,광주,20260408SSHT0,1507.6379,1486.9801,0.4908,0.5092,1503.0907,1491.5273,이승현,김태형,48.7696,49.9,51.0372,51.4244,-9.2974,-6.2502,1498.3405,1504.7299
2026-04-08,20260408WOOB0,18:30,키움,3.0,7.0,두산,잠실,20260408WOOB0,1492.338,1484.959,0.3794,0.6206,1489.9645,1487.3325,정세영,최민석,31.4,52.0933,45.7728,49.6706,-58.9284,9.9334,1433.4096,1518.8924
2026-04-10,20260410HTHH0,18:30,KIA,6.0,5.0,한화,대전,20260410HTHH0,1491.5273,1504.9332,0.5359,0.4641,1492.7742,1503.6862,네일,에르난데스,60.897,49.2233,50.7196,54.2671,41.7277,-20.6795,1534.0753,1509.0712
2026-04-10,20260410LTWO0,18:30,롯데,3.0,1.0,키움,고척,20260410LTWO0,1491.1992,1489.9645,0.3872,0.6128,1493.8263,1487.3374,로드리게스,알칸타라,42.6633,55.5211,47.152,46.3982,-18.4035,37.4036,1473.1449,1552.9051
2026-04-10,20260410NCSS0,18:30,NC,5.0,8.0,삼성,대구,20260410NCSS0,1507.6492,1503.0907,0.4573,0.5427,1505.1821,1505.5578,구창모,후라도,57.9733,57.224,51.7249,48.3498,25.6186,36.3843,1534.3912,1564.1661
2026-04-10,20260410OBKT0,18:30,두산,8.0,7.0,KT,수원,20260410OBKT0,1487.3325,1511.762,0.4176,0.5824,1488.8895,1510.205,곽빈,사우어,46.2821,49.9433,50.3564,51.4818,-16.7048,-6.3076,1472.0967,1529.8587
2026-04-10,20260410SKLG0,18:30,SSG,2.0,10.0,LG,잠실,20260410SKLG0,1511.3248,1501.2167,0.5238,0.4762,1506.8565,1505.685,화이트,치리노스,52.98,47.9427,48.8418,51.0138,16.9667,-12.5916,1529.6437,1513.0662
2026-04-11,20260411HTHH0,14:00,KIA,6.0,5.0,한화,대전,20260411HTHH0,1492.7742,1503.6862,0.3791,0.6209,1494.4443,1502.0161,이의리,왕옌청,36.712,52.6433,50.7196,54.2671,-57.431,-6.6575,1435.3433,1521.0288
2026-04-11,20260411LTWO0,17:00,롯데,3.0,1.0,키움,고척,20260411LTWO0,1493.8263,1487.3374,0.462,0.538,1496.138,1485.0257,비슬리,와일스,47.3833,48.8033,47.152,46.3982,0.9485,9.861,1494.7747,1521.1983
2026-04-11,20260411NCSS0,17:00,NC,4.0,5.0,삼성,대구,20260411NCSS0,1505.1821,1505.5578,0.4613,0.5387,1503.935,1506.8049,테일러,오러클린,53.2433,50.5033,51.7249,48.3498,6.2256,8.8296,1511.4077,1538.3873
2026-04-11,20260411OBKT0,17:00,두산,4.0,6.0,KT,수원,20260411OBKT0,1488.8895,1510.205,0.5122,0.4878,1486.6733,1512.4213,잭로그,소형준,61.0703,49.0667,50.3564,51.4818,43.927,-9.902,1532.8165,1524.3031
2026-04-11,20260411SKLG0,17:00,SSG,3.0,4.0,LG,잠실,20260411SKLG0,1506.8565,1505.685,0.4546,0.5454,1505.6282,1506.9133,김건우,임찬규,46.0831,50.3993,48.8418,51.0138,-11.3107,-2.5195,1495.5458,1527.1655
2026-04-12,20260412HTHH0,14:00,KIA,9.0,3.0,한화,대전,20260412HTHH0,1494.4443,1502.0161,0.5502,0.4498,1497.8464,1498.6141,올러,쿠싱,63.3092,50.624,50.7196,54.2671,51.6177,-14.9369,1546.062,1511.0792
2026-04-12,20260412LTWO0,14:00,롯데,0.0,2.0,키움,고척,20260412LTWO0,1496.138,1485.0257,0.4558,0.5442,1494.1949,1486.9687,박세웅,안우진,47.0086,50.624,47.152,46.3982,-0.5881,17.3255,1495.5499,1526.3512
2026-04-12,20260412NCSS0,14:00,NC,3.0,9.0,삼성,대구,20260412NCSS0,1503.935,1506.8049,0.4272,0.5728,1500.689,1510.0509,토다,원태인,52.3033,54.8074,51.7249,48.3498,2.3716,26.4763,1506.3066,1557.2811
2026-04-12,20260412OBKT0,14:00,두산,1.0,6.0,KT,수원,20260412OBKT0,1486.6733,1512.4213,0.4001,0.5999,1483.8442,1515.2503,최승용,보쉴리,48.7922,54.9433,50.3564,51.4818,-6.4135,14.1924,1480.2598,1550.6136
2026-04-12,20260412SKLG0,14:00,SSG,1.0,9.0,LG,잠실,20260412SKLG0,1505.6282,1506.9133,0.4567,0.5433,1501.7121,1510.8294,베니지아노,톨허스트,49.2833,52.64,48.8418,51.0138,1.8104,6.6675,1507.4385,1537.5808
