연도,날짜,팀,G,투구수,IP,타자수,피안타,피홈런,볼넷,삼진,실점,자책,lgIP,lgERA,fip_const,home_stadium,FinalPF,ERA,RA9,WHIP,K/9,BB/9,HR/9,K%,BB%,FIP,ERA+,ERA-,IP_O
2026,2026-03-28,KIA,6.0,164.0,8.1,39.0,8.0,0.0,6.0,8.0,7.0,6.0,92.0,5.869565217391305,4.445652173913044,광주,0.9987402594586288,6.48,7.56,1.68,8.639999999999999,6.48,0.0,0.2051282051282051,0.1538461538461538,4.685652173913044,90.46574677610826,110.53907535576737,8.333333333333334
2026,2026-03-29,KIA,12.0,329.0,16.1,79.0,16.0,3.0,14.0,15.0,18.0,17.0,180.0,6.0,4.011111111111111,광주,0.9987402594586288,9.36734693877551,9.918367346938776,1.836734693877551,8.26530612244898,7.714285714285714,1.653061224489796,0.189873417721519,0.1772151898734177,7.133560090702948,63.971699837913086,156.3191227579896,16.333333333333332
2026,2026-03-30,KIA,12.0,329.0,16.1,79.0,16.0,3.0,14.0,15.0,18.0,17.0,180.0,6.0,4.011111111111111,광주,0.9987402594586288,9.36734693877551,9.918367346938776,1.836734693877551,8.26530612244898,7.714285714285714,1.653061224489796,0.189873417721519,0.1772151898734177,7.133560090702948,63.971699837913086,156.3191227579896,16.333333333333332
2026,2026-03-31,KIA,16.0,461.0,25.1,113.0,21.0,3.0,17.0,21.0,20.0,19.0,272.0,5.525735294117647,3.871323529411765,광주,0.9987402594586288,6.75,7.105263157894737,1.5,7.460526315789474,6.039473684210527,1.0657894736842106,0.1858407079646017,0.1504424778761062,5.766060371517028,81.75974902753688,122.30957309607167,25.33333333333333
2026,2026-04-01,KIA,21.0,636.0,33.1,156.0,29.0,3.0,27.0,26.0,27.0,26.0,359.3333333333333,5.760667903525047,4.043599257884972,광주,0.9987402594586288,7.02,7.289999999999999,1.68,7.02,7.289999999999999,0.8099999999999999,0.1666666666666666,0.173076923076923,6.0835992578849725,81.9575510967226,122.01438264301544,33.333333333333336
2026,2026-04-02,KIA,25.0,751.0,41.1,190.0,34.0,3.0,32.0,31.0,29.0,28.0,445.3333333333333,5.719311377245509,4.077844311377246,광주,0.9987402594586288,6.096774193548387,6.314516129032258,1.596774193548387,6.75,6.967741935483871,0.6532258064516129,0.1631578947368421,0.1684210526315789,5.843973343635311,93.69078486947654,106.73408290827427,41.333333333333336
2026,2026-04-03,KIA,30.0,931.0,50.1,230.0,42.0,3.0,40.0,40.0,34.0,32.0,534.3333333333334,5.592014971927635,3.980661260137242,광주,0.9987402594586288,5.7218543046357615,6.079470198675496,1.629139072847682,7.152317880794701,7.152317880794701,0.5364238410596026,0.1739130434782608,0.1739130434782608,5.550197683978301,97.60785664354654,102.4507692707456,50.333333333333336
2026,2026-04-04,KIA,35.0,1131.0,59.1,276.0,52.0,6.0,49.0,49.0,40.0,38.0,624.3333333333334,5.477843032568073,3.8873465029364658,광주,0.9987402594586288,5.764044943820225,6.067415730337078,1.7022471910112358,7.432584269662921,7.432584269662921,0.9101123595505618,0.1775362318840579,0.1775362318840579,6.027795941138713,94.91513524007786,105.35727494572969,59.333333333333336
2026,2026-04-05,KIA,39.0,1248.0,68.1,308.0,56.0,6.0,49.0,55.0,40.0,38.0,711.3333333333334,5.200093720712277,3.7085285848172447,광주,0.9987402594586288,5.004878048780488,5.2682926829268295,1.5365853658536586,7.2439024390243905,6.453658536585366,0.7902439024390244,0.1785714285714285,0.1590909090909091,5.391455414085538,103.76978505970482,96.36716501095589,68.33333333333333
2026,2026-04-06,KIA,39.0,1248.0,68.1,308.0,56.0,6.0,49.0,55.0,40.0,38.0,711.3333333333334,5.200093720712277,3.7085285848172447,광주,0.9987402594586288,5.004878048780488,5.2682926829268295,1.5365853658536586,7.2439024390243905,6.453658536585366,0.7902439024390244,0.1785714285714285,0.1590909090909091,5.391455414085538,103.76978505970482,96.36716501095589,68.33333333333333
2026,2026-04-07,KIA,45.0,1415.0,77.1,350.0,67.0,8.0,53.0,60.0,50.0,48.0,801.3333333333334,5.031613976705491,3.697587354409318,광주,0.9987402594586288,5.586206896551724,5.81896551724138,1.5517241379310345,6.982758620689656,6.168103448275862,0.9310344827586208,0.1714285714285714,0.1514285714285714,5.5467252854438005,89.9587773332764,111.16202661305988,77.33333333333333
2026,2026-04-08,KIA,50.0,1591.0,86.1,394.0,80.0,9.0,58.0,61.0,55.0,53.0,888.3333333333334,4.984615384615385,3.578611632270169,광주,0.9987402594586288,5.525096525096526,5.733590733590734,1.5984555984555986,6.359073359073359,6.046332046332046,0.9382239382239382,0.1548223350253807,0.1472081218274111,5.536140589799127,90.10419890916674,110.9826192459789,86.33333333333333
2026,2026-04-09,KIA,50.0,1591.0,86.1,394.0,80.0,9.0,58.0,61.0,55.0,53.0,888.3333333333334,4.984615384615385,3.578611632270169,광주,0.9987402594586288,5.525096525096526,5.733590733590734,1.5984555984555986,6.359073359073359,6.046332046332046,0.9382239382239382,0.1548223350253807,0.1472081218274111,5.536140589799127,90.10419890916674,110.9826192459789,86.33333333333333
2026,2026-04-10,KIA,54.0,1719.0,95.1,429.0,87.0,11.0,60.0,68.0,60.0,58.0,980.3333333333334,4.966678000680041,3.5651139068344104,광주,0.9987402594586288,5.475524475524476,5.664335664335665,1.541958041958042,6.41958041958042,5.664335664335665,1.0384615384615383,0.1585081585081585,0.1398601398601398,5.526652368372872,90.59276730757108,110.38408801498522,95.33333333333331
2026,2026-04-11,KIA,58.0,1880.0,104.1,468.0,97.0,12.0,63.0,74.0,65.0,63.0,1069.3333333333333,4.864713216957607,3.6013092269326688,광주,0.9987402594586288,5.434504792332269,5.60702875399361,1.5335463258785944,6.383386581469649,5.434504792332269,1.0351437699680512,0.1581196581196581,0.1346153846153846,5.489488140670688,89.4026748798992,111.85347657028936,104.33333333333331
2026,2026-04-12,KIA,63.0,2030.0,113.1,506.0,105.0,12.0,67.0,85.0,68.0,65.0,1155.3333333333333,4.759665320253895,3.5600115406809003,광주,0.9987402594586288,5.161764705882353,5.4,1.5176470588235296,6.75,5.320588235294118,0.9529411764705884,0.1679841897233201,0.1324110671936759,5.210011540680901,92.0940258144466,108.58467649300351,113.33333333333331
2026,2026-03-28,KT,6.0,182.0,9.0,46.0,12.0,1.0,8.0,5.0,7.0,7.0,92.0,5.869565217391305,4.445652173913044,수원,1.0287682311922934,7.0,7.0,2.2222222222222223,5.0,8.0,1.0,0.108695652173913,0.1739130434782608,7.445652173913044,86.33462616235757,115.8283813170672,9.0
2026,2026-03-29,KT,12.0,371.0,18.0,88.0,22.0,1.0,14.0,11.0,12.0,12.0,180.0,6.0,4.011111111111111,수원,1.0287682311922934,6.0,6.0,2.0,5.5,7.0,0.5,0.125,0.1590909090909091,5.844444444444444,102.96203564547828,97.12317688077064,18.0
2026,2026-03-30,KT,12.0,371.0,18.0,88.0,22.0,1.0,14.0,11.0,12.0,12.0,180.0,6.0,4.011111111111111,수원,1.0287682311922934,6.0,6.0,2.0,5.5,7.0,0.5,0.125,0.1590909090909091,5.844444444444444,102.96203564547828,97.12317688077064,18.0
2026,2026-03-31,KT,18.0,538.0,27.0,130.0,31.0,2.0,20.0,22.0,16.0,14.0,272.0,5.525735294117647,3.871323529411765,수원,1.0287682311922934,4.666666666666667,5.333333333333333,1.8888888888888888,7.333333333333333,6.666666666666667,0.6666666666666666,0.1692307692307692,0.1538461538461538,5.42687908496732,121.91591878294685,82.02374308316138,27.0
2026,2026-04-01,KT,26.0,730.0,36.0,182.0,45.0,4.0,28.0,33.0,27.0,23.0,359.3333333333333,5.760667903525047,4.043599257884972,수원,1.0287682311922934,5.75,6.75,2.0277777777777777,8.25,7.0,1.0,0.1813186813186813,0.1538461538461538,5.988043702329417,103.1530598303493,96.94331914580626,36.0
2026,2026-04-02,KT,31.0,896.0,45.0,223.0,55.0,6.0,32.0,44.0,35.0,31.0,445.3333333333333,5.719311377245509,4.077844311377246,수원,1.0287682311922934,6.2,7.0,1.933333333333333,8.8,6.4,1.2,0.1973094170403587,0.1434977578475336,5.988955422488357,94.97934546637768,105.286048781416,45.0
2026,2026-04-03,KT,35.0,1025.0,54.0,260.0,62.0,6.0,35.0,48.0,37.0,33.0,534.3333333333334,5.592014971927635,3.980661260137242,수원,1.0287682311922934,5.5,6.166666666666667,1.7962962962962965,8.0,5.833333333333333,1.0,0.1846153846153846,0.1346153846153846,5.591772371248354,104.68458997630204,95.52504339238229,54.0
2026,2026-04-04,KT,39.0,1161.0,63.0,302.0,76.0,8.0,36.0,57.0,45.0,41.0,624.3333333333334,5.477843032568073,3.8873465029364658,수원,1.0287682311922934,5.857142857142857,6.428571428571429,1.7777777777777777,8.142857142857142,5.142857142857143,1.1428571428571428,0.1887417218543046,0.119205298013245,5.442902058492021,96.29436797700636,103.84823339188276,63.0
2026,2026-04-05,KT,43.0,1295.0,72.0,336.0,82.0,8.0,39.0,61.0,45.0,41.0,711.3333333333334,5.200093720712277,3.7085285848172447,수원,1.0287682311922934,5.125,5.625,1.6805555555555556,7.625,4.875,1.0,0.181547619047619,0.1160714285714285,5.083528584817245,104.4706800062059,95.720636636097,72.0
2026,2026-04-06,KT,43.0,1295.0,72.0,336.0,82.0,8.0,39.0,61.0,45.0,41.0,711.3333333333334,5.200093720712277,3.7085285848172447,수원,1.0287682311922934,5.125,5.625,1.6805555555555556,7.625,4.875,1.0,0.181547619047619,0.1160714285714285,5.083528584817245,104.4706800062059,95.720636636097,72.0
2026,2026-04-07,KT,48.0,1457.0,81.0,378.0,93.0,8.0,43.0,74.0,48.0,44.0,801.3333333333334,5.031613976705491,3.697587354409318,수원,1.0287682311922934,4.888888888888889,5.333333333333333,1.6790123456790125,8.222222222222221,4.777777777777778,0.8888888888888888,0.1957671957671957,0.1137566137566137,4.7469700704587,105.96788542305764,94.36821316266531,81.0
2026,2026-04-08,KT,52.0,1600.0,89.0,417.0,106.0,9.0,46.0,81.0,54.0,48.0,888.3333333333334,4.984615384615385,3.578611632270169,수원,1.0287682311922934,4.853932584269663,5.46067415730337,1.7078651685393258,8.191011235955056,4.651685393258427,0.9101123595505618,0.1942446043165467,0.1103117505995203,4.623555452494888,105.73409045131808,94.57687636329727,89.0
2026,2026-04-09,KT,52.0,1600.0,89.0,417.0,106.0,9.0,46.0,81.0,54.0,48.0,888.3333333333334,4.984615384615385,3.578611632270169,수원,1.0287682311922934,4.853932584269663,5.46067415730337,1.7078651685393258,8.191011235955056,4.651685393258427,0.9101123595505618,0.1942446043165467,0.1103117505995203,4.623555452494888,105.73409045131808,94.57687636329727,89.0
2026,2026-04-10,KT,59.0,1777.0,100.0,465.0,117.0,9.0,51.0,94.0,62.0,55.0,980.3333333333334,4.966678000680041,3.5651139068344104,수원,1.0287682311922934,4.95,5.58,1.68,8.46,4.59,0.81,0.2021505376344086,0.1096774193548387,4.385113906834411,103.30894491830934,96.79703928742488,100.0
2026,2026-04-11,KT,62.0,1906.0,109.0,501.0,125.0,9.0,53.0,103.0,66.0,59.0,1069.3333333333333,4.864713216957607,3.6013092269326688,수원,1.0287682311922934,4.871559633027523,5.4495412844036695,1.6330275229357798,8.504587155963304,4.376146788990826,0.7431192660550459,0.2055888223552894,0.1057884231536926,4.243511061795054,102.81733436118004,97.25986442005664,109.0
2026,2026-04-12,KT,67.0,2058.0,118.0,537.0,131.0,9.0,56.0,112.0,67.0,60.0,1155.3333333333333,4.759665320253895,3.5600115406809003,수원,1.0287682311922934,4.576271186440678,5.110169491525424,1.5847457627118644,8.542372881355933,4.271186440677966,0.6864406779661016,0.2085661080074488,0.1042830540037244,4.076960693223273,107.08824070928584,93.38093458036316,118.0
2026,2026-03-28,LG,8.0,183.0,9.0,49.0,18.0,1.0,6.0,5.0,11.0,11.0,92.0,5.869565217391305,4.445652173913044,잠실,0.9512583942824044,11.0,11.0,2.6666666666666665,5.0,6.0,1.0,0.1020408163265306,0.1224489795918367,6.778985507246377,50.8797243320535,196.54194536781603,9.0
2026,2026-03-29,LG,13.0,346.0,18.0,89.0,29.0,2.0,12.0,7.0,17.0,17.0,180.0,6.0,4.011111111111111,잠실,0.9512583942824044,8.5,8.5,2.2777777777777777,3.5,6.0,1.0,0.0786516853932584,0.1348314606741573,6.677777777777777,67.3075568941675,148.57172747665936,18.0
2026,2026-03-30,LG,13.0,346.0,18.0,89.0,29.0,2.0,12.0,7.0,17.0,17.0,180.0,6.0,4.011111111111111,잠실,0.9512583942824044,8.5,8.5,2.2777777777777777,3.5,6.0,1.0,0.0786516853932584,0.1348314606741573,6.677777777777777,67.3075568941675,148.57172747665936,18.0
2026,2026-03-31,LG,19.0,531.0,27.0,134.0,41.0,3.0,18.0,19.0,24.0,24.0,272.0,5.525735294117647,3.871323529411765,잠실,0.9512583942824044,8.0,8.0,2.185185185185185,6.333333333333333,6.0,1.0,0.1417910447761194,0.1343283582089552,5.908360566448802,65.86149610151936,151.8337813733525,27.0
2026,2026-04-01,LG,26.0,696.0,36.0,170.0,48.0,4.0,21.0,26.0,26.0,26.0,359.3333333333333,5.760667903525047,4.043599257884972,잠실,0.9512583942824044,6.5,6.5,1.9166666666666667,6.5,5.25,1.0,0.1529411764705882,0.1235294117647058,5.793599257884972,84.5066692987639,118.33385557589682,36.0
2026,2026-04-02,LG,30.0,820.0,45.0,206.0,55.0,4.0,23.0,30.0,27.0,27.0,445.3333333333333,5.719311377245509,4.077844311377246,잠실,0.9512583942824044,5.4,5.4,1.7333333333333334,6.0,4.6,0.8,0.145631067961165,0.1116504854368932,5.433399866932801,100.99072362083328,99.01899542323022,45.0
2026,2026-04-03,LG,35.0,955.0,53.0,242.0,66.0,4.0,26.0,39.0,32.0,32.0,534.3333333333334,5.592014971927635,3.980661260137242,잠실,0.9512583942824044,5.433962264150943,5.433962264150943,1.7358490566037736,6.622641509433962,4.415094339622642,0.6792452830188679,0.1611570247933884,0.1074380165289256,4.96179333560894,98.1257998131731,101.90999736093389,53.0
2026,2026-04-04,LG,41.0,1115.0,62.0,281.0,76.0,4.0,28.0,47.0,36.0,35.0,624.3333333333334,5.477843032568073,3.8873465029364658,잠실,0.9512583942824044,5.080645161290323,5.225806451612903,1.6774193548387095,6.82258064516129,4.064516129032258,0.5806451612903226,0.1672597864768683,0.099644128113879,4.564765857775176,102.80688996740128,97.26974527846208,62.0
2026,2026-04-05,LG,46.0,1271.0,71.0,321.0,85.0,6.0,33.0,56.0,41.0,40.0,711.3333333333334,5.200093720712277,3.7085285848172447,잠실,0.9512583942824044,5.070422535211268,5.197183098591549,1.6619718309859155,7.098591549295775,4.183098591549296,0.7605633802816901,0.1744548286604361,0.102803738317757,4.624021542563724,97.79091758841356,102.25898525759224,71.0
2026,2026-04-06,LG,46.0,1271.0,71.0,321.0,85.0,6.0,33.0,56.0,41.0,40.0,711.3333333333334,5.200093720712277,3.7085285848172447,잠실,0.9512583942824044,5.070422535211268,5.197183098591549,1.6619718309859155,7.098591549295775,4.183098591549296,0.7605633802816901,0.1744548286604361,0.102803738317757,4.624021542563724,97.79091758841356,102.25898525759224,71.0
2026,2026-04-07,LG,51.0,1431.0,80.0,360.0,94.0,6.0,36.0,65.0,41.0,40.0,801.3333333333334,5.031613976705491,3.697587354409318,잠실,0.9512583942824044,4.5,4.6125,1.625,7.3125,4.05,0.675,0.1805555555555555,0.1,4.397587354409318,106.61696200207564,93.79370610658852,80.0
2026,2026-04-08,LG,56.0,1584.0,89.0,398.0,101.0,8.0,40.0,75.0,45.0,44.0,888.3333333333334,4.984615384615385,3.578611632270169,잠실,0.9512583942824044,4.449438202247191,4.550561797752809,1.5842696629213484,7.584269662921348,4.044943820224719,0.8089887640449438,0.1884422110552764,0.100502512562814,4.410072306427472,106.82132893098822,93.61426318203256,89.0
2026,2026-04-09,LG,56.0,1584.0,89.0,398.0,101.0,8.0,40.0,75.0,45.0,44.0,888.3333333333334,4.984615384615385,3.578611632270169,잠실,0.9512583942824044,4.449438202247191,4.550561797752809,1.5842696629213484,7.584269662921348,4.044943820224719,0.8089887640449438,0.1884422110552764,0.100502512562814,4.410072306427472,106.82132893098822,93.61426318203256,89.0
2026,2026-04-10,LG,61.0,1739.0,98.0,437.0,109.0,8.0,44.0,82.0,47.0,46.0,980.3333333333334,4.966678000680041,3.5651139068344104,잠실,0.9512583942824044,4.224489795918367,4.316326530612245,1.5612244897959184,7.530612244897959,4.040816326530612,0.7346938775510204,0.1876430205949656,0.1006864988558352,4.299807784385431,112.10455049682623,89.20244500050964,98.0
2026,2026-04-11,LG,66.0,1891.0,107.0,478.0,122.0,9.0,46.0,90.0,50.0,49.0,1069.3333333333333,4.864713216957607,3.6013092269326688,잠실,0.9512583942824044,4.121495327102804,4.205607476635514,1.5700934579439252,7.570093457943925,3.869158878504673,0.7570093457943925,0.1882845188284518,0.0962343096234309,4.302243806371921,112.54700268223516,88.85176647692671,107.0
2026,2026-04-12,LG,70.0,2027.0,116.0,515.0,130.0,9.0,49.0,94.0,51.0,50.0,1155.3333333333333,4.759665320253895,3.5600115406809003,잠실,0.9512583942824044,3.8793103448275854,3.956896551724138,1.543103448275862,7.293103448275862,3.801724137931034,0.6982758620689655,0.1825242718446602,0.0951456310679611,4.215183954474004,116.99125337756388,85.4764754740012,116.0
2026,2026-03-28,NC,6.0,147.0,9.0,34.0,3.0,0.0,3.0,4.0,0.0,0.0,92.0,5.869565217391305,4.445652173913044,창원,1.0100284809306723,0.0,0.0,0.6666666666666666,4.0,3.0,0.0,0.1176470588235294,0.088235294117647,4.556763285024155,0.0,0.0,9.0
2026,2026-03-29,NC,14.0,321.0,18.0,75.0,13.0,3.0,8.0,13.0,9.0,9.0,180.0,6.0,4.011111111111111,창원,1.0100284809306723,4.5,4.5,1.1666666666666667,6.5,4.0,1.5,0.1733333333333333,0.1066666666666666,6.066666666666666,134.68400935279433,74.24786393019959,18.0
2026,2026-03-30,NC,14.0,321.0,18.0,75.0,13.0,3.0,8.0,13.0,9.0,9.0,180.0,6.0,4.011111111111111,창원,1.0100284809306723,4.5,4.5,1.1666666666666667,6.5,4.0,1.5,0.1733333333333333,0.1066666666666666,6.066666666666666,134.68400935279433,74.24786393019959,18.0
2026,2026-03-31,NC,19.0,473.0,27.0,112.0,18.0,3.0,13.0,24.0,11.0,11.0,272.0,5.525735294117647,3.871323529411765,창원,1.0100284809306723,3.6666666666666665,3.6666666666666665,1.148148148148148,8.0,4.333333333333333,1.0,0.2142857142857142,0.1160714285714285,4.982434640522875,152.2284921887741,65.69072488479549,27.0
2026,2026-04-01,NC,26.0,621.0,36.0,152.0,26.0,5.0,19.0,29.0,15.0,15.0,359.3333333333333,5.760667903525047,4.043599257884972,창원,1.0100284809306723,3.75,3.75,1.25,7.25,4.75,1.25,0.1907894736842105,0.125,5.82137703566275,155.1739699593419,64.4437981616386,36.0
2026,2026-04-02,NC,32.0,750.0,45.0,187.0,32.0,6.0,23.0,33.0,19.0,19.0,445.3333333333333,5.719311377245509,4.077844311377246,창원,1.0100284809306723,3.8,3.8,1.2222222222222223,6.6,4.6,1.2,0.1764705882352941,0.1229946524064171,5.877844311377245,152.03285270219945,65.77525727013693,45.0
2026,2026-04-03,NC,36.0,884.0,54.0,221.0,35.0,7.0,27.0,42.0,21.0,21.0,534.3333333333334,5.592014971927635,3.980661260137242,창원,1.0100284809306723,3.5,3.5,1.148148148148148,7.0,4.5,1.1666666666666667,0.1900452488687782,0.1221719457013574,5.610290889766872,161.3903564528716,61.9615708136821,54.0
2026,2026-04-04,NC,42.0,1030.0,63.0,257.0,40.0,7.0,33.0,49.0,21.0,21.0,624.3333333333334,5.477843032568073,3.8873465029364658,창원,1.0100284809306723,3.0,3.0,1.1587301587301588,7.0,4.714285714285714,1.0,0.1906614785992217,0.1284046692607003,5.347663963253926,184.4444655578844,54.21686126365061,63.0
2026,2026-04-05,NC,45.0,1129.0,71.0,289.0,47.0,7.0,35.0,51.0,24.0,24.0,711.3333333333334,5.200093720712277,3.7085285848172447,창원,1.0100284809306723,3.0422535211267605,3.0422535211267605,1.1549295774647887,6.464788732394366,4.436619718309859,0.8873239436619719,0.1764705882352941,0.1211072664359861,5.032472246789076,172.66052938688603,57.91711652634098,71.0
2026,2026-04-06,NC,45.0,1129.0,71.0,289.0,47.0,7.0,35.0,51.0,24.0,24.0,711.3333333333334,5.200093720712277,3.7085285848172447,창원,1.0100284809306723,3.0422535211267605,3.0422535211267605,1.1549295774647887,6.464788732394366,4.436619718309859,0.8873239436619719,0.1764705882352941,0.1211072664359861,5.032472246789076,172.66052938688603,57.91711652634098,71.0
2026,2026-04-07,NC,52.0,1288.0,80.0,328.0,53.0,7.0,40.0,61.0,26.0,26.0,801.3333333333334,5.031613976705491,3.697587354409318,창원,1.0100284809306723,2.925,2.925,1.1625,6.8625,4.5,0.7875,0.1859756097560975,0.1219512195121951,4.810087354409318,173.7635753585264,57.54946040542156,80.0
2026,2026-04-08,NC,59.0,1462.0,89.0,368.0,64.0,9.0,44.0,69.0,31.0,31.0,888.3333333333334,4.984615384615385,3.578611632270169,창원,1.0100284809306723,3.134831460674157,3.134831460674157,1.2134831460674158,6.977528089887641,4.449438202247191,0.9101123595505618,0.1875,0.1195652173913043,4.825802643506124,160.61820073189318,62.25944478541495,89.0
2026,2026-04-09,NC,59.0,1462.0,89.0,368.0,64.0,9.0,44.0,69.0,31.0,31.0,888.3333333333334,4.984615384615385,3.578611632270169,창원,1.0100284809306723,3.134831460674157,3.134831460674157,1.2134831460674158,6.977528089887641,4.449438202247191,0.9101123595505618,0.1875,0.1195652173913043,4.825802643506124,160.61820073189318,62.25944478541495,89.0
2026,2026-04-10,NC,64.0,1607.0,97.0,407.0,74.0,11.0,51.0,73.0,39.0,39.0,980.3333333333334,4.966678000680041,3.5651139068344104,창원,1.0100284809306723,3.618556701030928,3.618556701030928,1.288659793814433,6.77319587628866,4.731958762886598,1.0206185567010309,0.1793611793611793,0.1253071253071253,5.11150565941173,138.6461844245793,72.12603824261602,97.0
2026,2026-04-11,NC,69.0,1750.0,105.0,444.0,80.0,11.0,60.0,79.0,44.0,44.0,1069.3333333333333,4.864713216957607,3.6013092269326688,창원,1.0100284809306723,3.7714285714285714,3.7714285714285714,1.3333333333333333,6.771428571428571,5.142857142857143,0.9428571428571428,0.1779279279279279,0.1351351351351351,5.17273779836124,130.29527167271772,76.74875589590472,105.0
2026,2026-04-12,NC,75.0,1929.0,113.0,487.0,94.0,12.0,66.0,87.0,53.0,51.0,1155.3333333333333,4.759665320253895,3.5600115406809003,창원,1.0100284809306723,4.061946902654867,4.221238938053097,1.415929203539823,6.929203539823009,5.256637168141593,0.9557522123893806,0.1786447638603696,0.135523613963039,5.152931894663201,118.36395647311248,84.48517857944023,113.0
2026,2026-03-28,SSG,6.0,174.0,9.0,43.0,12.0,0.0,4.0,13.0,6.0,6.0,92.0,5.869565217391305,4.445652173913044,문학,1.027807913649001,6.0,6.0,1.7777777777777777,13.0,4.0,0.0,0.3023255813953488,0.0930232558139534,2.8900966183574885,100.62423705144494,99.37963549365767,9.0
2026,2026-03-29,SSG,12.0,347.0,18.0,83.0,20.0,2.0,12.0,20.0,12.0,12.0,180.0,6.0,4.011111111111111,문학,1.027807913649001,6.0,6.0,1.7777777777777777,10.0,6.0,1.0,0.2409638554216867,0.144578313253012,5.233333333333333,102.8603312081437,97.2192086350999,18.0
2026,2026-03-30,SSG,12.0,347.0,18.0,83.0,20.0,2.0,12.0,20.0,12.0,12.0,180.0,6.0,4.011111111111111,문학,1.027807913649001,6.0,6.0,1.7777777777777777,10.0,6.0,1.0,0.2409638554216867,0.144578313253012,5.233333333333333,102.8603312081437,97.2192086350999,18.0
2026,2026-03-31,SSG,17.0,509.0,27.0,121.0,29.0,2.0,14.0,27.0,15.0,14.0,272.0,5.525735294117647,3.871323529411765,문학,1.027807913649001,4.666666666666667,5.0,1.5925925925925926,9.0,4.666666666666667,0.6666666666666666,0.2231404958677686,0.1157024793388429,4.389842047930283,121.79549196888652,82.10484508371268,27.0
2026,2026-04-01,SSG,21.0,703.0,36.0,170.0,44.0,2.0,20.0,35.0,26.0,23.0,359.3333333333333,5.760667903525047,4.043599257884972,문학,1.027807913649001,5.75,6.5,1.7777777777777777,8.75,5.0,0.5,0.2058823529411764,0.1176470588235294,4.488043702329417,103.05116670203638,97.0391730635534,36.0
2026,2026-04-02,SSG,25.0,860.0,45.0,207.0,51.0,2.0,25.0,44.0,27.0,24.0,445.3333333333333,5.719311377245509,4.077844311377246,문학,1.027807913649001,4.8,5.4,1.6888888888888889,8.8,5.0,0.4,0.2125603864734299,0.1207729468599033,4.366733200266134,122.56047136374532,81.59237549210427,45.0
2026,2026-04-03,SSG,27.0,989.0,54.0,245.0,58.0,2.0,30.0,49.0,29.0,26.0,534.3333333333334,5.592014971927635,3.980661260137242,문학,1.027807913649001,4.333333333333333,4.833333333333333,1.6296296296296295,8.166666666666666,5.0,0.3333333333333333,0.2,0.1224489795918367,4.313994593470575,132.73765664616346,75.33657179632779,54.0
2026,2026-04-04,SSG,34.0,1160.0,63.0,287.0,65.0,4.0,39.0,55.0,35.0,32.0,624.3333333333334,5.477843032568073,3.8873465029364658,문학,1.027807913649001,4.571428571428571,5.0,1.6507936507936507,7.857142857142857,5.571428571428571,0.5714285714285714,0.1916376306620209,0.1358885017421602,4.8238544394444025,123.25528876416314,81.13242117451054,63.0
2026,2026-04-05,SSG,39.0,1313.0,72.0,326.0,75.0,5.0,42.0,60.0,38.0,35.0,711.3333333333334,5.200093720712277,3.7085285848172447,문학,1.027807913649001,4.375,4.75,1.625,7.5,5.25,0.625,0.1840490797546012,0.1288343558282208,4.694639695928355,122.25905426876643,81.79353308276573,72.0
2026,2026-04-06,SSG,39.0,1313.0,72.0,326.0,75.0,5.0,42.0,60.0,38.0,35.0,711.3333333333334,5.200093720712277,3.7085285848172447,문학,1.027807913649001,4.375,4.75,1.625,7.5,5.25,0.625,0.1840490797546012,0.1288343558282208,4.694639695928355,122.25905426876643,81.79353308276573,72.0
2026,2026-04-07,SSG,44.0,1472.0,81.0,369.0,83.0,5.0,50.0,69.0,44.0,41.0,801.3333333333334,5.031613976705491,3.697587354409318,문학,1.027807913649001,4.555555555555555,4.888888888888889,1.6419753086419753,7.666666666666667,5.555555555555555,0.5555555555555556,0.1869918699186991,0.1355013550135501,4.648204638359935,113.60930052192847,88.02096266819137,81.0
2026,2026-04-08,SSG,49.0,1595.0,90.0,404.0,88.0,6.0,53.0,76.0,48.0,41.0,888.3333333333334,4.984615384615385,3.578611632270169,문학,1.027807913649001,4.1,4.8,1.5666666666666669,7.6,5.3,0.6,0.1881188118811881,0.1311881188118812,4.523056076714614,125.05346083091396,79.96579969522875,90.0
2026,2026-04-09,SSG,49.0,1595.0,90.0,404.0,88.0,6.0,53.0,76.0,48.0,41.0,888.3333333333334,4.984615384615385,3.578611632270169,문학,1.027807913649001,4.1,4.8,1.5666666666666669,7.6,5.3,0.6,0.1881188118811881,0.1311881188118812,4.523056076714614,125.05346083091396,79.96579969522875,90.0
2026,2026-04-10,SSG,54.0,1767.0,98.0,448.0,98.0,7.0,63.0,84.0,58.0,50.0,980.3333333333334,4.966678000680041,3.5651139068344104,문학,1.027807913649001,4.591836734693878,5.326530612244898,1.6428571428571428,7.714285714285714,5.785714285714286,0.6428571428571429,0.1875,0.140625,4.707971049691553,111.25703583801489,89.88195600105274,98.0
2026,2026-04-11,SSG,57.0,1890.0,106.0,483.0,105.0,7.0,68.0,92.0,62.0,52.0,1069.3333333333333,4.864713216957607,3.6013092269326688,문학,1.027807913649001,4.415094339622642,5.264150943396227,1.6320754716981132,7.811320754716981,5.773584905660377,0.5943396226415094,0.1904761904761904,0.1407867494824016,4.648479038253424,113.33529348133062,88.23376807726068,106.0
2026,2026-04-12,SSG,61.0,2049.0,114.0,526.0,114.0,7.0,74.0,95.0,71.0,56.0,1155.3333333333333,4.759665320253895,3.5600115406809003,문학,1.027807913649001,4.421052631578948,5.605263157894737,1.649122807017544,7.5,5.842105263157895,0.5526315789473685,0.1806083650190114,0.1406844106463878,4.638958909101953,110.73850326599276,90.30282787893658,114.0
2026,2026-03-28,두산,6.0,166.0,8.0,39.0,5.0,1.0,9.0,9.0,6.0,3.0,92.0,5.869565217391305,4.445652173913044,잠실,0.9512583942824044,3.375,6.75,1.75,10.125,10.125,1.125,0.2307692307692307,0.2307692307692307,7.195652173913044,165.830212637804,60.30264232876175,8.0
2026,2026-03-29,두산,13.0,341.0,17.0,82.0,15.0,3.0,15.0,21.0,12.0,9.0,180.0,6.0,4.011111111111111,잠실,0.9512583942824044,4.764705882352941,6.352941176470588,1.7647058823529411,11.117647058823527,7.9411764705882355,1.588235294117647,0.2560975609756097,0.1829268292682926,6.481699346405229,120.07335766922476,83.28242163051493,17.0
2026,2026-03-30,두산,13.0,341.0,17.0,82.0,15.0,3.0,15.0,21.0,12.0,9.0,180.0,6.0,4.011111111111111,잠실,0.9512583942824044,4.764705882352941,6.352941176470588,1.7647058823529411,11.117647058823527,7.9411764705882355,1.588235294117647,0.2560975609756097,0.1829268292682926,6.481699346405229,120.07335766922476,83.28242163051493,17.0
2026,2026-03-31,두산,18.0,484.0,28.0,127.0,24.0,5.0,18.0,29.0,17.0,14.0,272.0,5.525735294117647,3.871323529411765,잠실,0.9512583942824044,4.5,5.464285714285714,1.5,9.321428571428571,5.785714285714286,1.6071428571428572,0.2283464566929134,0.1417322834645669,6.049894957983193,117.08710418047887,85.40650202251078,28.0
2026,2026-04-01,두산,24.0,642.0,36.0,170.0,37.0,6.0,24.0,33.0,30.0,23.0,359.3333333333333,5.760667903525047,4.043599257884972,잠실,0.9512583942824044,5.75,7.5,1.6944444444444444,8.25,6.0,1.5,0.1941176470588235,0.1411764705882353,6.376932591218306,95.5292783377331,104.67994916329332,36.0
2026,2026-04-02,두산,27.0,768.0,44.0,205.0,43.0,7.0,29.0,39.0,35.0,27.0,445.3333333333333,5.719311377245509,4.077844311377246,잠실,0.9512583942824044,5.5227272727272725,7.159090909090909,1.6363636363636365,7.977272727272727,5.931818181818182,1.431818181818182,0.1902439024390244,0.1414634146341463,6.350571584104518,98.74648531814812,101.26942713739456,44.0
2026,2026-04-03,두산,33.0,931.0,53.0,252.0,56.0,8.0,37.0,42.0,46.0,36.0,534.3333333333334,5.592014971927635,3.980661260137242,잠실,0.9512583942824044,6.113207547169812,7.811320754716981,1.7547169811320755,7.132075471698113,6.283018867924528,1.3584905660377358,0.1666666666666666,0.1468253968253968,6.452359373344789,87.22293316726498,114.64874703105065,53.0
2026,2026-04-04,두산,39.0,1110.0,62.0,299.0,69.0,8.0,45.0,52.0,55.0,42.0,624.3333333333334,5.477843032568073,3.8873465029364658,잠실,0.9512583942824044,6.096774193548387,7.983870967741935,1.8387096774193548,7.548387096774194,6.532258064516129,1.1612903225806452,0.1739130434782608,0.1505016722408027,6.064765857775175,85.67240830616775,116.72369433415446,62.0
2026,2026-04-05,두산,43.0,1254.0,71.0,335.0,74.0,8.0,49.0,60.0,55.0,42.0,711.3333333333334,5.200093720712277,3.7085285848172447,잠실,0.9512583942824044,5.323943661971831,6.971830985915493,1.732394366197183,7.605633802816901,6.211267605633803,1.0140845070422535,0.1791044776119403,0.1462686567164179,5.553599007352456,93.13420722706056,107.37193452047184,71.0
2026,2026-04-06,두산,43.0,1254.0,71.0,335.0,74.0,8.0,49.0,60.0,55.0,42.0,711.3333333333334,5.200093720712277,3.7085285848172447,잠실,0.9512583942824044,5.323943661971831,6.971830985915493,1.732394366197183,7.605633802816901,6.211267605633803,1.0140845070422535,0.1791044776119403,0.1462686567164179,5.553599007352456,93.13420722706056,107.37193452047184,71.0
2026,2026-04-07,두산,49.0,1433.0,80.0,375.0,81.0,8.0,54.0,72.0,60.0,46.0,801.3333333333334,5.031613976705491,3.697587354409318,잠실,0.9512583942824044,5.175,6.75,1.6875,8.1,6.075,0.9,0.192,0.144,5.222587354409318,92.71040174093534,107.8627620225768,80.0
2026,2026-04-08,두산,53.0,1597.0,89.0,416.0,88.0,9.0,62.0,82.0,63.0,49.0,888.3333333333334,4.984615384615385,3.578611632270169,잠실,0.9512583942824044,4.955056179775281,6.370786516853933,1.6853932584269662,8.292134831460674,6.269662921348314,0.9101123595505618,0.1971153846153846,0.1490384615384615,5.140409385079158,95.92119332578534,104.25224763453626,89.0
2026,2026-04-09,두산,53.0,1597.0,89.0,416.0,88.0,9.0,62.0,82.0,63.0,49.0,888.3333333333334,4.984615384615385,3.578611632270169,잠실,0.9512583942824044,4.955056179775281,6.370786516853933,1.6853932584269662,8.292134831460674,6.269662921348314,0.9101123595505618,0.1971153846153846,0.1490384615384615,5.140409385079158,95.92119332578534,104.25224763453626,89.0
2026,2026-04-10,두산,61.0,1828.0,100.0,472.0,99.0,9.0,73.0,98.0,70.0,56.0,980.3333333333334,4.966678000680041,3.5651139068344104,잠실,0.9512583942824044,5.04,6.3,1.72,8.82,6.57,0.81,0.2076271186440678,0.1546610169491525,4.965113906834411,93.96518445433686,106.42239525278195,100.0
2026,2026-04-11,두산,64.0,1960.0,108.0,509.0,109.0,10.0,75.0,107.0,76.0,60.0,1069.3333333333333,4.864713216957607,3.6013092269326688,잠실,0.9512583942824044,5.0,6.333333333333333,1.7037037037037035,8.916666666666666,6.25,0.8333333333333334,0.2102161100196463,0.1473477406679764,4.906864782488224,92.77238912685178,107.79069175772288,108.0
2026,2026-04-12,두산,68.0,2097.0,116.0,543.0,117.0,10.0,78.0,112.0,82.0,65.0,1155.3333333333333,4.759665320253895,3.5600115406809003,잠실,0.9512583942824044,5.043103448275862,6.362068965517241,1.6810344827586208,8.689655172413794,6.051724137931035,0.7758620689655172,0.2062615101289134,0.143646408839779,4.766908092405038,89.99327182889529,111.1194181162016,116.0
2026,2026-03-28,롯데,6.0,190.0,9.0,43.0,8.0,0.0,8.0,10.0,3.0,2.0,92.0,5.869565217391305,4.445652173913044,사직,1.0488000917921212,2.0,3.0,1.7777777777777777,10.0,8.0,0.0,0.2325581395348837,0.1860465116279069,4.8900966183574885,308.5347867857735,32.41125613152772,9.0
2026,2026-03-29,롯데,11.0,347.0,18.0,79.0,13.0,0.0,13.0,16.0,5.0,3.0,180.0,6.0,4.011111111111111,사직,1.0488000917921212,1.5,2.5,1.4444444444444444,8.0,6.5,0.0,0.2025316455696202,0.1645569620253164,4.4,420.5214871746839,23.779997705196973,18.0
2026,2026-03-30,롯데,11.0,347.0,18.0,79.0,13.0,0.0,13.0,16.0,5.0,3.0,180.0,6.0,4.011111111111111,사직,1.0488000917921212,1.5,2.5,1.4444444444444444,8.0,6.5,0.0,0.2025316455696202,0.1645569620253164,4.4,420.5214871746839,23.779997705196973,18.0
2026,2026-03-31,롯데,16.0,507.0,26.0,118.0,21.0,0.0,20.0,25.0,14.0,8.0,272.0,5.525735294117647,3.871323529411765,사직,1.0488000917921212,2.769230769230769,4.846153846153846,1.5769230769230769,8.653846153846153,6.923076923076923,0.0,0.211864406779661,0.1694915254237288,4.2559389140271495,209.7776076875548,47.66953017642433,26.0
2026,2026-04-01,롯데,21.0,672.0,34.1,159.0,32.0,2.0,25.0,33.0,19.0,13.0,359.3333333333333,5.760667903525047,4.043599257884972,사직,1.0488000917921212,3.407766990291262,4.980582524271845,1.6601941747572817,8.650485436893204,6.5533980582524265,0.5242718446601942,0.2075471698113207,0.1572327044025157,5.063016733613128,177.7178898096236,56.26895531289664,34.333333333333336
2026,2026-04-02,롯데,25.0,842.0,42.1,197.0,42.0,2.0,30.0,40.0,27.0,21.0,445.3333333333333,5.719311377245509,4.077844311377246,사직,1.0488000917921212,4.464566929133858,5.74015748031496,1.700787401574803,8.503937007874015,6.377952755905511,0.4251968503937007,0.2030456852791878,0.1522842639593908,4.928238012164647,134.6767426802227,74.2518700778505,42.333333333333336
2026,2026-04-03,롯데,29.0,1051.0,51.1,253.0,60.0,5.0,43.0,43.0,44.0,38.0,534.3333333333334,5.592014971927635,3.980661260137242,사직,1.0488000917921212,6.662337662337662,7.7142857142857135,2.0064935064935066,7.538961038961038,7.538961038961038,0.8766233766233766,0.1699604743083003,0.1699604743083003,6.084557364033346,88.24089124120577,113.32614459508436,51.333333333333336
2026,2026-04-04,롯데,34.0,1220.0,60.1,299.0,74.0,5.0,48.0,51.0,51.0,45.0,624.3333333333334,5.477843032568073,3.8873465029364658,사직,1.0488000917921212,6.712707182320441,7.607734806629834,2.022099447513812,7.607734806629834,7.160220994475138,0.7458563535911602,0.1705685618729097,0.1605351170568562,5.660827165919891,85.79067416466381,116.56278607633186,60.333333333333336
2026,2026-04-05,롯데,39.0,1388.0,69.1,342.0,81.0,5.0,59.0,57.0,55.0,49.0,711.3333333333334,5.200093720712277,3.7085285848172447,사직,1.0488000917921212,6.360576923076923,7.1394230769230775,2.019230769230769,7.399038461538462,7.658653846153847,0.6490384615384616,0.1666666666666666,0.1725146198830409,5.554682430971091,85.94940251991416,116.3475219933383,69.33333333333333
2026,2026-04-06,롯데,39.0,1388.0,69.1,342.0,81.0,5.0,59.0,57.0,55.0,49.0,711.3333333333334,5.200093720712277,3.7085285848172447,사직,1.0488000917921212,6.360576923076923,7.1394230769230775,2.019230769230769,7.399038461538462,7.658653846153847,0.6490384615384616,0.1666666666666666,0.1725146198830409,5.554682430971091,85.94940251991416,116.3475219933383,69.33333333333333
2026,2026-04-07,롯데,46.0,1597.0,78.1,388.0,90.0,5.0,68.0,67.0,62.0,54.0,801.3333333333334,5.031613976705491,3.697587354409318,사직,1.0488000917921212,6.2042553191489365,7.12340425531915,2.0170212765957447,7.6978723404255325,7.812765957446809,0.574468085106383,0.172680412371134,0.1752577319587628,5.420991609728467,85.2601030877371,117.28815281526784,78.33333333333333
2026,2026-04-08,롯데,48.0,1703.0,87.1,418.0,93.0,6.0,69.0,74.0,63.0,55.0,888.3333333333334,4.984615384615385,3.578611632270169,사직,1.0488000917921212,5.66793893129771,6.492366412213741,1.8549618320610688,7.625954198473283,7.110687022900764,0.6183206106870229,0.1770334928229665,0.1650717703349282,5.147313922346505,92.45591298442,108.15965877363764,87.33333333333333
2026,2026-04-09,롯데,48.0,1703.0,87.1,418.0,93.0,6.0,69.0,74.0,63.0,55.0,888.3333333333334,4.984615384615385,3.578611632270169,사직,1.0488000917921212,5.66793893129771,6.492366412213741,1.8549618320610688,7.625954198473283,7.110687022900764,0.6183206106870229,0.1770334928229665,0.1650717703349282,5.147313922346505,92.45591298442,108.15965877363764,87.33333333333333
2026,2026-04-10,롯데,50.0,1817.0,96.1,449.0,97.0,7.0,69.0,85.0,64.0,56.0,980.3333333333334,4.966678000680041,3.5651139068344104,사직,1.0488000917921212,5.231833910034602,5.97923875432526,1.7231833910034602,7.9411764705882355,6.446366782006921,0.6539792387543253,0.1893095768374164,0.153674832962138,4.893833630017801,99.8022325956226,100.19815929887932,96.33333333333331
2026,2026-04-11,롯데,54.0,1958.0,106.1,484.0,102.0,7.0,70.0,97.0,65.0,57.0,1069.3333333333333,4.864713216957607,3.6013092269326688,사직,1.0488000917921212,4.824451410658307,5.501567398119122,1.6175548589341693,8.210031347962383,5.924764890282132,0.5924764890282131,0.2004132231404958,0.1446280991735537,4.607578819409158,106.0077230829759,94.33274962591788,106.33333333333331
2026,2026-04-12,롯데,57.0,2092.0,114.1,517.0,107.0,8.0,74.0,106.0,67.0,59.0,1155.3333333333333,4.759665320253895,3.5600115406809003,사직,1.0488000917921212,4.644314868804665,5.274052478134111,1.5830903790087465,8.344023323615161,5.825072886297376,0.6297376093294461,0.2050290135396518,0.1431334622823984,4.5570960887858565,107.74148585247003,92.81475859440955,114.33333333333331
2026,2026-03-28,삼성,4.0,141.0,9.0,39.0,11.0,3.0,1.0,6.0,6.0,6.0,92.0,5.869565217391305,4.445652173913044,대구,1.0406172533521605,6.0,6.0,1.3333333333333333,6.0,1.0,3.0,0.1538461538461538,0.0256410256410256,7.778985507246377,101.96773633707085,98.07023632400136,9.0
2026,2026-03-29,삼성,9.0,279.0,18.0,77.0,22.0,7.0,5.0,13.0,12.0,12.0,180.0,6.0,4.011111111111111,대구,1.0406172533521605,6.0,6.0,1.5,6.5,2.5,3.5,0.1688311688311688,0.0649350649350649,8.455555555555556,104.2336860334502,95.93827466478396,18.0
2026,2026-03-30,삼성,9.0,279.0,18.0,77.0,22.0,7.0,5.0,13.0,12.0,12.0,180.0,6.0,4.011111111111111,대구,1.0406172533521605,6.0,6.0,1.5,6.5,2.5,3.5,0.1688311688311688,0.0649350649350649,8.455555555555556,104.2336860334502,95.93827466478396,18.0
2026,2026-03-31,삼성,17.0,481.0,29.0,129.0,34.0,7.0,13.0,19.0,17.0,17.0,272.0,5.525735294117647,3.871323529411765,대구,1.0406172533521605,5.275862068965517,5.275862068965517,1.6206896551724137,5.896551724137931,4.0344827586206895,2.1724137931034484,0.1472868217054263,0.1007751937984496,7.043737322515213,109.17035931228358,91.5999549968947,29.0
2026,2026-04-01,삼성,22.0,611.0,38.0,164.0,41.0,8.0,14.0,23.0,20.0,20.0,359.3333333333333,5.760667903525047,4.043599257884972,대구,1.0406172533521605,4.7368421052631575,4.7368421052631575,1.4473684210526316,5.447368421052632,3.3157894736842106,1.894736842105263,0.1402439024390244,0.0853658536585365,6.675178205253394,126.76285935978964,78.8874600218437,38.0
2026,2026-04-02,삼성,27.0,733.0,47.0,198.0,45.0,9.0,17.0,31.0,22.0,22.0,445.3333333333333,5.719311377245509,4.077844311377246,대구,1.0406172533521605,4.212765957446808,4.212765957446808,1.319148936170213,5.9361702127659575,3.25531914893617,1.7234042553191489,0.1565656565656565,0.0858585858585858,6.333163460313416,141.50914445402708,70.66681124094252,47.0
2026,2026-04-03,삼성,31.0,878.0,56.0,232.0,52.0,10.0,19.0,37.0,23.0,23.0,534.3333333333334,5.592014971927635,3.980661260137242,대구,1.0406172533521605,3.696428571428572,3.696428571428572,1.2678571428571428,5.946428571428571,3.0535714285714284,1.6071428571428572,0.1594827586206896,0.0818965517241379,5.998518402994385,157.6863509235867,63.41702970123208,56.0
2026,2026-04-04,삼성,36.0,1029.0,65.0,273.0,63.0,11.0,24.0,50.0,29.0,29.0,624.3333333333334,5.477843032568073,3.8873465029364658,대구,1.0406172533521605,4.015384615384615,4.015384615384615,1.3384615384615384,6.923076923076923,3.323076923076924,1.523076923076923,0.1831501831501831,0.0879120879120879,5.656577272167235,142.19703104145404,70.32495634233562,65.0
2026,2026-04-05,삼성,40.0,1154.0,73.0,305.0,69.0,11.0,27.0,56.0,31.0,31.0,711.3333333333334,5.200093720712277,3.7085285848172447,대구,1.0406172533521605,3.821917808219178,3.821917808219178,1.3150684931506849,6.904109589041096,3.328767123287671,1.356164383561644,0.1836065573770491,0.0885245901639344,5.24277516015971,141.82014460478305,70.5118446174729,73.0
2026,2026-04-06,삼성,40.0,1154.0,73.0,305.0,69.0,11.0,27.0,56.0,31.0,31.0,711.3333333333334,5.200093720712277,3.7085285848172447,대구,1.0406172533521605,3.821917808219178,3.821917808219178,1.3150684931506849,6.904109589041096,3.328767123287671,1.356164383561644,0.1836065573770491,0.0885245901639344,5.24277516015971,141.82014460478305,70.5118446174729,73.0
2026,2026-04-07,삼성,46.0,1312.0,82.0,345.0,75.0,11.0,35.0,64.0,34.0,34.0,801.3333333333334,5.031613976705491,3.697587354409318,대구,1.0406172533521605,3.731707317073171,3.731707317073171,1.3414634146341464,7.024390243902439,3.841463414634146,1.2073170731707317,0.1855072463768116,0.1014492753623188,5.161001988555659,140.54255249063422,71.152827544287,82.0
2026,2026-04-08,삼성,49.0,1497.0,90.0,399.0,94.0,13.0,45.0,69.0,49.0,48.0,888.3333333333334,4.984615384615385,3.578611632270169,대구,1.0406172533521605,4.8,4.9,1.5444444444444445,6.9,4.5,1.3,0.1729323308270676,0.112781954887218,5.423056076714614,108.24267395781368,92.3850052327549,90.0
2026,2026-04-09,삼성,49.0,1497.0,90.0,399.0,94.0,13.0,45.0,69.0,49.0,48.0,888.3333333333334,4.984615384615385,3.578611632270169,대구,1.0406172533521605,4.8,4.9,1.5444444444444445,6.9,4.5,1.3,0.1729323308270676,0.112781954887218,5.423056076714614,108.24267395781368,92.3850052327549,90.0
2026,2026-04-10,삼성,55.0,1656.0,99.0,444.0,105.0,15.0,51.0,77.0,54.0,50.0,980.3333333333334,4.966678000680041,3.5651139068344104,대구,1.0406172533521605,4.545454545454546,4.909090909090909,1.5757575757575757,7.0,4.636363636363637,1.3636363636363635,0.1734234234234234,0.1148648648648648,5.52470986643037,113.89293417746804,87.80175936479073,99.0
2026,2026-04-11,삼성,61.0,1810.0,108.0,484.0,112.0,15.0,59.0,83.0,58.0,54.0,1069.3333333333333,4.864713216957607,3.6013092269326688,대구,1.0406172533521605,4.5,4.833333333333333,1.5833333333333333,6.916666666666667,4.916666666666667,1.25,0.1714876033057851,0.1219008264462809,5.508716634340076,112.68155335536323,88.74567045116116,108.0
2026,2026-04-12,삼성,66.0,1976.0,117.0,523.0,118.0,17.0,64.0,90.0,61.0,57.0,1155.3333333333333,4.759665320253895,3.5600115406809003,대구,1.0406172533521605,4.384615384615385,4.6923076923076925,1.5555555555555556,6.923076923076923,4.923076923076923,1.3076923076923077,0.1720841300191204,0.1223709369024856,5.551464532133892,113.14959628076129,88.37857428308199,117.0
2026,2026-03-28,키움,7.0,187.0,10.2,50.0,16.0,2.0,4.0,9.0,10.0,10.0,92.0,5.869565217391305,4.445652173913044,고척,0.9666905138306804,8.4375,8.4375,1.875,7.59375,3.375,1.6875,0.18,0.08,6.320652173913044,67.32273178793338,148.53823863683968,10.666666666666666
2026,2026-03-29,키움,12.0,350.0,18.2,94.0,31.0,3.0,7.0,18.0,20.0,16.0,180.0,6.0,4.011111111111111,고척,0.9666905138306804,7.7142857142857135,9.642857142857142,2.0357142857142856,8.678571428571429,3.375,1.4464285714285714,0.1914893617021276,0.0744680851063829,5.296825396825397,75.27055429067552,132.8540767931982,18.666666666666668
2026,2026-03-30,키움,12.0,350.0,18.2,94.0,31.0,3.0,7.0,18.0,20.0,16.0,180.0,6.0,4.011111111111111,고척,0.9666905138306804,7.7142857142857135,9.642857142857142,2.0357142857142856,8.678571428571429,3.375,1.4464285714285714,0.1914893617021276,0.0744680851063829,5.296825396825397,75.27055429067552,132.8540767931982,18.666666666666668
2026,2026-03-31,키움,16.0,498.0,26.2,135.0,43.0,5.0,12.0,23.0,29.0,24.0,272.0,5.525735294117647,3.871323529411765,고척,0.9666905138306804,8.1,9.7875,2.0625,7.762499999999999,4.05,1.6875,0.1703703703703703,0.0888888888888888,5.9338235294117645,66.01986642091812,151.46955821212543,26.666666666666668
2026,2026-04-01,키움,23.0,659.0,35.2,174.0,51.0,5.0,17.0,29.0,31.0,26.0,359.3333333333333,5.760667903525047,4.043599257884972,고척,0.9666905138306804,6.560747663551402,7.822429906542056,1.9065420560747663,7.317757009345795,4.289719626168225,1.2616822429906542,0.1666666666666666,0.0977011494252873,5.669767482184038,84.97459209077513,117.68223599493577,35.666666666666664
2026,2026-04-02,키움,25.0,797.0,43.2,213.0,63.0,7.0,21.0,33.0,42.0,37.0,445.3333333333333,5.719311377245509,4.077844311377246,고척,0.9666905138306804,7.625954198473283,8.656488549618322,1.923664122137405,6.801526717557253,4.328244274809161,1.4427480916030535,0.1549295774647887,0.0985915492957746,6.0931114869497645,72.58036244007327,137.77831446152675,43.66666666666666
2026,2026-04-03,키움,30.0,953.0,52.2,252.0,73.0,8.0,23.0,43.0,44.0,39.0,534.3333333333334,5.592014971927635,3.980661260137242,고척,0.9666905138306804,6.6645569620253164,7.518987341772152,1.8227848101265824,7.348101265822785,3.930379746835443,1.3670886075949369,0.1706349206349206,0.0912698412698412,5.632559994314457,81.20198109050354,123.14970479420344,52.66666666666666
2026,2026-04-04,키움,36.0,1154.0,61.2,295.0,82.0,10.0,32.0,49.0,50.0,45.0,624.3333333333334,5.477843032568073,3.8873465029364658,고척,0.9666905138306804,6.567567567567568,7.297297297297297,1.8486486486486489,7.151351351351352,4.670270270270271,1.4594594594594594,0.1661016949152542,0.1084745762711864,5.963022178612142,80.71878524345189,123.8868990637,61.66666666666666
2026,2026-04-05,키움,41.0,1325.0,70.2,341.0,97.0,11.0,37.0,56.0,56.0,51.0,711.3333333333334,5.200093720712277,3.7085285848172447,고척,0.9666905138306804,6.495283018867924,7.132075471698113,1.8962264150943395,7.132075471698113,4.712264150943396,1.400943396226415,0.1642228739002932,0.1085043988269794,5.717962547081395,77.47876245093609,129.06762683945246,70.66666666666667
2026,2026-04-06,키움,41.0,1325.0,70.2,341.0,97.0,11.0,37.0,56.0,56.0,51.0,711.3333333333334,5.200093720712277,3.7085285848172447,고척,0.9666905138306804,6.495283018867924,7.132075471698113,1.8962264150943395,7.132075471698113,4.712264150943396,1.400943396226415,0.1642228739002932,0.1085043988269794,5.717962547081395,77.47876245093609,129.06762683945246,70.66666666666667
2026,2026-04-07,키움,46.0,1470.0,79.2,379.0,103.0,11.0,42.0,64.0,58.0,53.0,801.3333333333334,5.031613976705491,3.697587354409318,고척,0.9666905138306804,5.987447698744769,6.552301255230125,1.820083682008368,7.230125523012552,4.744769874476988,1.2426778242677825,0.1688654353562005,0.1108179419525065,5.467461831396765,81.32707740143435,122.96027743182655,79.66666666666667
2026,2026-04-08,키움,51.0,1619.0,87.2,420.0,111.0,11.0,50.0,66.0,65.0,58.0,888.3333333333334,4.984615384615385,3.578611632270169,고척,0.9666905138306804,5.9543726235741445,6.673003802281368,1.836501901140684,6.775665399239544,5.133079847908745,1.129277566539924,0.1571428571428571,0.119047619047619,5.415113533410853,81.01496112437844,123.4339912185784,87.66666666666667
2026,2026-04-09,키움,51.0,1619.0,87.2,420.0,111.0,11.0,50.0,66.0,65.0,58.0,888.3333333333334,4.984615384615385,3.578611632270169,고척,0.9666905138306804,5.9543726235741445,6.673003802281368,1.836501901140684,6.775665399239544,5.133079847908745,1.129277566539924,0.1571428571428571,0.119047619047619,5.415113533410853,81.01496112437844,123.4339912185784,87.66666666666667
2026,2026-04-10,키움,55.0,1756.0,96.2,456.0,122.0,12.0,51.0,78.0,68.0,61.0,980.3333333333334,4.966678000680041,3.5651139068344104,고척,0.9666905138306804,5.679310344827586,6.3310344827586205,1.789655172413793,7.2620689655172415,4.748275862068965,1.1172413793103448,0.1710526315789473,0.1118421052631579,5.147872527524066,84.63304899875278,118.15715158917844,96.66666666666669
2026,2026-04-11,키움,60.0,1914.0,106.2,499.0,133.0,12.0,51.0,86.0,71.0,64.0,1069.3333333333333,4.864713216957607,3.6013092269326688,고척,0.9666905138306804,5.4,5.990625,1.725,7.25625,4.303125,1.0125,0.1723446893787575,0.1022044088176352,4.885684226932669,87.18325245370818,114.7009284301445,106.66666666666669
2026,2026-04-12,키움,65.0,2035.0,115.2,532.0,139.0,12.0,52.0,94.0,71.0,64.0,1155.3333333333333,4.759665320253895,3.5600115406809003,고척,0.9666905138306804,4.979827089337175,5.524495677233429,1.6512968299711814,7.314121037463977,4.046109510086455,0.9337175792507204,0.1766917293233082,0.0977443609022556,4.632057650190987,92.49787088696787,108.11059653708104,115.66666666666669
2026,2026-03-28,한화,9.0,230.0,11.0,54.0,12.0,0.0,12.0,9.0,9.0,9.0,92.0,5.869565217391305,4.445652173913044,대전,1.019564452032887,7.363636363636363,7.363636363636363,2.1818181818181817,7.363636363636363,9.818181818181818,0.0,0.1666666666666666,0.2222222222222222,6.082015810276681,81.30074954219222,123.00009601769236,11.0
2026,2026-03-29,한화,15.0,380.0,20.0,91.0,18.0,0.0,16.0,17.0,13.0,13.0,180.0,6.0,4.011111111111111,대전,1.019564452032887,5.85,5.85,1.7,7.65,7.2,0.0,0.1868131868131868,0.1758241758241758,4.711111111111111,104.6107546556879,95.59246592679352,20.0
2026,2026-03-30,한화,15.0,380.0,20.0,91.0,18.0,0.0,16.0,17.0,13.0,13.0,180.0,6.0,4.011111111111111,대전,1.019564452032887,5.85,5.85,1.7,7.65,7.2,0.0,0.1868131868131868,0.1758241758241758,4.711111111111111,104.6107546556879,95.59246592679352,20.0
2026,2026-03-31,한화,23.0,600.0,29.0,144.0,30.0,1.0,28.0,27.0,22.0,22.0,272.0,5.525735294117647,3.871323529411765,대전,1.019564452032887,6.827586206896552,6.827586206896552,2.0,8.379310344827585,8.689655172413794,0.3103448275862069,0.1875,0.1944444444444444,5.354082150101419,82.54748290066159,121.1423976674624,29.0
2026,2026-04-01,한화,32.0,820.0,38.0,192.0,44.0,2.0,35.0,36.0,36.0,35.0,359.3333333333333,5.760667903525047,4.043599257884972,대전,1.019564452032887,8.289473684210526,8.526315789473685,2.0789473684210527,8.526315789473685,8.289473684210526,0.4736842105263157,0.1875,0.1822916666666666,5.596230836832341,70.88050987000618,141.0825065781814,38.0
2026,2026-04-02,한화,36.0,1026.0,47.0,248.0,63.0,4.0,43.0,47.0,49.0,47.0,445.3333333333333,5.719311377245509,4.077844311377246,대전,1.019564452032887,9.0,9.382978723404255,2.25531914893617,9.0,8.23404255319149,0.7659574468085106,0.189516129032258,0.1733870967741935,5.928908141164479,64.81599358915571,154.28290837268116,47.0
2026,2026-04-03,한화,43.0,1212.0,56.0,292.0,73.0,4.0,52.0,55.0,55.0,52.0,534.3333333333334,5.592014971927635,3.980661260137242,대전,1.019564452032887,8.357142857142858,8.839285714285714,2.232142857142857,8.839285714285714,8.357142857142858,0.6428571428571429,0.1883561643835616,0.1780821917808219,5.730661260137242,68.24823906357976,146.5239270229968,56.0
2026,2026-04-04,한화,48.0,1338.0,65.0,328.0,81.0,4.0,54.0,62.0,58.0,52.0,624.3333333333334,5.477843032568073,3.8873465029364658,대전,1.019564452032887,7.2,8.03076923076923,2.076923076923077,8.584615384615384,7.476923076923077,0.5538461538461539,0.1890243902439024,0.1646341463414634,5.27196188755185,77.59934183115128,128.86707237490543,65.0
2026,2026-04-05,한화,54.0,1485.0,73.0,367.0,89.0,5.0,61.0,72.0,66.0,60.0,711.3333333333334,5.200093720712277,3.7085285848172447,대전,1.019564452032887,7.397260273972603,8.136986301369863,2.054794520547945,8.876712328767123,7.52054794520548,0.6164383561643836,0.1961852861035422,0.1662125340599455,5.13318611906382,71.70034114658478,139.46935035575237,73.0
2026,2026-04-06,한화,54.0,1485.0,73.0,367.0,89.0,5.0,61.0,72.0,66.0,60.0,711.3333333333334,5.200093720712277,3.7085285848172447,대전,1.019564452032887,7.397260273972603,8.136986301369863,2.054794520547945,8.876712328767123,7.52054794520548,0.6164383561643836,0.1961852861035422,0.1662125340599455,5.13318611906382,71.70034114658478,139.46935035575237,73.0
2026,2026-04-07,한화,58.0,1629.0,82.0,401.0,93.0,6.0,65.0,86.0,68.0,62.0,801.3333333333334,5.031613976705491,3.697587354409318,대전,1.019564452032887,6.804878048780488,7.463414634146342,1.9268292682926829,9.439024390243905,7.134146341463414,0.6585365853658537,0.2144638403990025,0.1620947630922693,4.929294671482489,75.41676840928224,132.59650620045934,82.0
2026,2026-04-08,한화,63.0,1788.0,91.0,442.0,102.0,7.0,71.0,95.0,71.0,65.0,888.3333333333334,4.984615384615385,3.578611632270169,대전,1.019564452032887,6.428571428571429,7.021978021978022,1.901098901098901,9.395604395604396,7.021978021978022,0.6923076923076923,0.2149321266968326,0.1606334841628959,4.831358885017422,79.08573051970004,126.44506074972688,91.0
2026,2026-04-09,한화,63.0,1788.0,91.0,442.0,102.0,7.0,71.0,95.0,71.0,65.0,888.3333333333334,4.984615384615385,3.578611632270169,대전,1.019564452032887,6.428571428571429,7.021978021978022,1.901098901098901,9.395604395604396,7.021978021978022,0.6923076923076923,0.2149321266968326,0.1606334841628959,4.831358885017422,79.08573051970004,126.44506074972688,91.0
2026,2026-04-10,한화,70.0,1939.0,100.0,481.0,109.0,10.0,76.0,101.0,77.0,70.0,980.3333333333334,4.966678000680041,3.5651139068344104,대전,1.019564452032887,6.3,6.93,1.85,9.09,6.84,0.9,0.20997920997921,0.158004158004158,5.125113906834411,80.40932308545533,124.36368839186048,100.0
2026,2026-04-11,한화,75.0,2083.0,109.0,520.0,121.0,10.0,78.0,111.0,83.0,76.0,1069.3333333333333,4.864713216957607,3.6013092269326688,대전,1.019564452032887,6.275229357798165,6.853211009174312,1.825688073394496,9.1651376146789,6.440366972477064,0.8256880733944955,0.2134615384615384,0.15,4.90406152051065,79.06942670909743,126.4711332332126,109.0
2026,2026-04-12,한화,84.0,2250.0,118.0,565.0,134.0,11.0,81.0,119.0,92.0,84.0,1155.3333333333333,4.759665320253895,3.5600115406809003,대전,1.019564452032887,6.406779661016949,7.016949152542373,1.8220338983050848,9.076271186440678,6.177966101694915,0.8389830508474576,0.2106194690265486,0.1433628318584071,4.814248828816494,75.77354025262387,131.97218932440896,118.0
