Season,Team,Pitcher,ThrowHand,BatSide,page_id,birthplace,birthdate,height_cm,weight_kg,pro_debut_year,draft_info,elementary_school,middle_school,high_school,university,school,position
2026,KT,사우어,우,우,10000000,,1999-01-21,193.0,,,,,,,,,투수
2026,KT,전용주,좌,좌,2488113,대한민국 경기도 안성시,2000-02-12,188.0,87.0,2019.0,2019년 1차 지명(kt 위즈),양진초등학교,경기 성일중학교,안산공업고등학교,,양진초등학교-경기 성일중학교-안산공업고등학교,투수
2026,KT,한승혁,우,좌,606770,대한민국 서울특별시,1993-01-03,185.0,100.0,2011.0,2011년 1라운드(KIA 타이거즈),서울도신초등학교,강남중학교,덕수고등학교,남부대학교,서울도신초등학교-강남중학교-덕수고등학교-남부대학교,투수
2026,KT,스기모토,우,우,10000001,,2000-05-19,182.0,,,,,,,,,투수
2026,KT,우규민,우,우,236907,대한민국 대구광역시,1985-01-21,184.0,75.0,2003.0,2003년 2차 3라운드(LG 트윈스),서울 성동초등학교,휘문중학교,휘문고등학교,,서울 성동초등학교-휘문중학교-휘문고등학교,투수
2026,KT,박영현,우,우,3198300,대한민국 전라남도 구례군,2003-10-11,183.0,91.0,2022.0,2022년 1차 지명(kt 위즈),부천북초등학교,부천중학교,유신고등학교,,부천북초등학교-부천중학교-유신고등학교,투수
2026,LG,치리노스,우,우,3925530,베네수엘라,1993-12-26,188.0,102.0,2012.0,,,,,,,투수
2026,LG,배재준,우,우,873442,대한민국 대구광역시,1994-11-24,188.0,80.0,2013.0,2013년 2라운드(LG 트윈스),대구본리초등학교,경상중학교,대구상원고등학교,,대구본리초등학교-경상중학교-대구상원고등학교,투수
2026,LG,이정용,우,우,2795411,대한민국 서울특별시,1996-03-26,186.0,85.0,2019.0,2019년 1차 지명(LG 트윈스),서울영일초등학교,서울 성남중학교,서울 성남고등학교,동아대학교,서울영일초등학교-서울 성남중학교-서울 성남고등학교-동아대학교,투수
2026,LG,함덕주,좌,좌,972917,대한민국 강원특별자치도 원주시,1995-01-13,181.0,78.0,2013.0,2013년 5라운드(두산 베어스),강원 일산초등학교,원주중학교,원주고등학교,,강원 일산초등학교-원주중학교-원주고등학교,투수
2026,LG,김영우,우,우,3977599,대한민국 서울특별시 강서구,2005-01-14,187.0,88.0,2025.0,2025년 1라운드(LG 트윈스),서울양원초등학교,신월중학교,서울고등학교,,서울양원초등학교-신월중학교-서울고등학교,투수
2026,LG,백승현,우,우,1835342,대한민국 인천광역시,1995-05-26,183.0,78.0,2015.0,2015년 2차 3라운드(LG 트윈스),소래초등학교,상인천중학교,인천고등학교,,소래초등학교-상인천중학교-인천고등학교,투수
2026,LG,우강훈,우,우,3697147,대한민국 경기도 성남시,2002-10-03,183.0,88.0,2021.0,2021년 2차 5라운드(롯데 자이언츠),희망대초등학교,매송중학교,야탑고등학교,,희망대초등학교-매송중학교-야탑고등학교,투수
2026,LG,박시원,우,우,4073237,대한민국 부산광역시 해운대구,2006-04-12,193.0,94.0,2025.0,2025년 6라운드(LG 트윈스),송수초등학교,센텀중학교,경남고등학교,,송수초등학교-센텀중학교-경남고등학교,투수
2026,KIA,네일,우,좌,3751352,미국,1993-02-08,193.0,83.0,2022.0,20라운드 608순위 (오클랜드 애슬레틱스),,,,,,투수
2026,KIA,김범수,좌,좌,1110793,대한민국 충청남도 아산시,1995-10-03,181.0,92.0,2015.0,2015년 1차 지명(한화 이글스),온양온천초등학교,온양중학교,북일고등학교,,온양온천초등학교-온양중학교-북일고등학교,투수
2026,KIA,성영탁,우,우,4036535,대한민국 부산광역시,2004-07-28,183.0,88.0,2024.0,2024년 10라운드(KIA 타이거즈),동주초등학교,부산개성중학교,부산고등학교,,동주초등학교-부산개성중학교-부산고등학교,투수
2026,KIA,전상현,우,우,1631324,대한민국 대구광역시,1996-04-18,182.0,84.0,2016.0,2016년 2차 4라운드(KIA 타이거즈),대구남도초등학교,경복중학교,대구상원고등학교,,대구남도초등학교-경복중학교-대구상원고등학교,투수
2026,KIA,정해영,우,우,2765633,대한민국 전라북도 전주시,2001-08-23,189.0,98.0,2020.0,2020년 1차 지명(KIA 타이거즈),광주대성초등학교,광주동성중학교,광주제일고등학교,,광주대성초등학교-광주동성중학교-광주제일고등학교,투수
2026,KIA,조상우,우,우,834583,대한민국 인천광역시,1994-09-04,186.0,97.0,2013.0,2013년 2차 1라운드(넥센 히어로즈),인천서화초등학교,상인천중학교,대전고등학교,,인천서화초등학교-상인천중학교-대전고등학교,투수
2026,SSG,화이트,우,우,3920646,미국,1994-12-28,190.0,95.0,,2라운드 65순위 (로스앤젤레스 다저스),,,,,,투수
2026,SSG,전영준,우,우,3226570,대한민국 충청남도 아산시,2002-04-16,192.0,110.0,2022.0,2022년 2차 9라운드(SSG 랜더스),의왕부곡초등학교,휘문중학교,대구고등학교,,의왕부곡초등학교-휘문중학교-대구고등학교,투수
2026,SSG,박시후,좌,좌,3238123,대한민국 인천광역시,2001-05-10,182.0,88.0,2020.0,2020년 2차 10라운드(SK 와이번스),상인천초등학교,상인천중학교,인천고등학교,,상인천초등학교-상인천중학교-인천고등학교,투수
2026,SSG,문승원,우,우,725147,대한민국 서울특별시,1989-11-28,180.0,88.0,2012.0,2012년 1라운드(SK 와이번스),서울가동초등학교,배명중학교,배명고등학교,고려대학교,서울가동초등학교-배명중학교-배명고등학교-고려대학교,투수
2026,SSG,이로운,우,우,3611909,대한민국 서울특별시,2004-09-11,185.0,105.0,2023.0,2023년 1라운드(SSG 랜더스),대구본리초등학교,협성경복중학교,대구고등학교,,대구본리초등학교-협성경복중학교-대구고등학교,투수
2026,SSG,김민,우,우,1797467,대한민국 경기도 성남시,1999-04-14,185.0,88.0,2018.0,2018년 1차 지명(kt 위즈),인천숭의초등학교,평촌중학교,유신고등학교,,인천숭의초등학교-평촌중학교-유신고등학교,투수
2026,롯데,로드리게스,우,우,10000002,,1998-03-31,193.0,,,,,,,,,투수
2026,롯데,정철원,우,우,3213352,대한민국 충청북도 청주시,1999-03-27,192.0,95.0,2018.0,2018년 2차 2라운드(두산 베어스),역북초등학교,송전중학교,안산공업고등학교,,역북초등학교-송전중학교-안산공업고등학교,투수
2026,롯데,최준용,우,우,2790445,대한민국 서울특별시,2001-10-10,185.0,85.0,2020.0,2020년 1차 지명(롯데 자이언츠),부산 수영초등학교,부산 대천중학교,경남고등학교,,부산 수영초등학교-부산 대천중학교-경남고등학교,투수
2026,롯데,쿄야마,우,우,10000003,,1998-07-04,183.0,,,,,,,,,투수
2026,롯데,김원중,우,좌,836135,대한민국 광주광역시,1993-06-14,192.0,96.0,2012.0,2012년 1라운드(롯데 자이언츠),광주학강초등학교,광주동성중학교,광주동성고등학교,,광주학강초등학교-광주동성중학교-광주동성고등학교,투수
2026,롯데,박정민,우,좌,10000004,,2003-09-26,188.0,,,,,,,,,투수
2026,삼성,후라도,우,우,3323118,파나마 아과둘세,1996-01-30,188.0,109.0,2018.0,아마추어 FA (텍사스 레인저스),,,,,,투수
2026,삼성,육선엽,우,우,3805547,대한민국 경기도 고양시,2005-07-13,190.0,90.0,2024.0,2024년 1라운드(삼성 라이온즈),백마초등학교,신월중학교,장충고등학교,,백마초등학교-신월중학교-장충고등학교,투수
2026,삼성,임기영,우,우,811244,대한민국 대구광역시,1993-04-16,184.0,86.0,2012.0,2012년 2라운드(한화 이글스),대구수창초등학교,대구 경운중학교,경북고등학교,,대구수창초등학교-대구 경운중학교-경북고등학교,투수
2026,삼성,백정현,좌,좌,299512,대한민국 대구광역시,1987-07-13,184.0,80.0,2007.0,2007년 2차 1순위(삼성 라이온즈),대구옥산초등학교,대구중학교,대구상원고등학교,,대구옥산초등학교-대구중학교-대구상원고등학교,투수
2026,두산,플렉센,우,우,2607969,미국,1994-07-01,191.0,113.0,2017.0,14라운드 440순위 (뉴욕 메츠),,,,,,투수
2026,두산,박신지,우,우,1953587,대한민국 경기도 고양시,1999-07-16,185.0,75.0,2018.0,2018년 2차 1라운드(두산 베어스),목암초등학교,서울 영동중학교,경기고등학교,,목암초등학교-서울 영동중학교-경기고등학교,투수
2026,두산,이병헌,좌,좌,3280803,대한민국 서울특별시,2003-06-04,183.0,95.0,2022.0,2022년 1차 지명(두산 베어스),서울역삼초등학교,영동중학교,서울고등학교,,서울역삼초등학교-영동중학교-서울고등학교,투수
2026,두산,박치국,우,우,1747365,대한민국 인천광역시,1998-03-10,177.0,78.0,2017.0,2017년 2차 1라운드(두산 베어스),인천숭의초등학교,인천 신흥중학교,제물포고등학교,,인천숭의초등학교-인천 신흥중학교-제물포고등학교,투수
2026,두산,양재훈,우,우,4011537,대한민국 부산광역시,2003-05-01,186.0,89.0,2025.0,2025년 7라운드(두산 베어스),수영초등학교,사직중학교,개성고등학교,동의과학대학교,수영초등학교-사직중학교-개성고등학교-동의과학대학교,투수
2026,두산,최원준,우,우,1890246,대한민국 서울특별시,1994-12-21,182.0,91.0,2017.0,2017년 1차 지명(두산 베어스),서울수유초등학교,서울 신일중학교,신일고등학교,동국대학교,서울수유초등학교-서울 신일중학교-신일고등학교-동국대학교,투수
2026,NC,구창모,좌,좌,1222245,대한민국 경기도 부천시,1997-02-17,182.0,85.0,2015.0,2015년 2차 1라운드(NC 다이노스),서울충무초등학교,울산제일중학교,울산공업고등학교,,서울충무초등학교-울산제일중학교-울산공업고등학교,투수
2026,NC,배재환,우,우,1034055,대한민국 서울특별시,1995-02-24,186.0,95.0,2014.0,2014년 2차 1라운드(NC 다이노스),가동초등학교,잠신중학교,서울고등학교,,가동초등학교-잠신중학교-서울고등학교,투수
2026,NC,임지민,우,우,3637847,대한민국 경기도 가평군,2003-10-11,185.0,82.0,2022.0,2022년 2차 5라운드(NC 다이노스),목동초등학교,춘천중학교,강원고등학교,,목동초등학교-춘천중학교-강원고등학교,투수
2026,NC,김진호,우,우,1798822,대한민국 경기도 의왕시,1998-06-07,183.0,90.0,2017.0,2017년 2차 2라운드(NC 다이노스),의왕부곡초등학교,경기 성일중학교,광주동성고등학교,,의왕부곡초등학교-경기 성일중학교-광주동성고등학교,투수
2026,NC,김영규,좌,좌,2485776,대한민국 전라남도 담양군,2000-02-10,188.0,86.0,2018.0,2018년 2차 8라운드(NC 다이노스),광주서석초등학교,무등중학교,광주제일고등학교,,광주서석초등학교-무등중학교-광주제일고등학교,투수
2026,NC,이준혁,우,우,3988974,대한민국 경기도 수원시,2003-06-30,184.0,87.0,2022.0,2022년 2차 1라운드(NC 다이노스),포곡초등학교,성일중학교,율곡고등학교,,포곡초등학교-성일중학교-율곡고등학교,투수
2026,키움,알칸타라,우,우,2301546,도미니카 공화국 바라오나,1992-12-04,193.0,100.0,2009.0,아마추어 FA (보스턴 레드삭스),,,,,,투수
2026,키움,김성진,우,좌,2966835,대한민국 대구광역시,1997-11-14,183.0,77.0,2021.0,2021년 2차 3라운드(키움 히어로즈),대구율하초등학교,포항제철중학교,부산정보고등학교,계명대학교,대구율하초등학교-포항제철중학교-부산정보고등학교-계명대학교,투수
2026,키움,김재웅,좌,좌,2697426,대한민국 경기도 남양주시,1998-10-22,174.0,86.0,2017.0,2017년 2차 6라운드(넥센 히어로즈),금교초등학교,자양중학교,덕수고등학교,,금교초등학교-자양중학교-덕수고등학교,투수
2026,키움,배동현,우,좌,2963428,대한민국 경기도 남양주시,1998-03-16,182.0,82.0,2021.0,2021년 2차 5라운드(한화 이글스),판곡초등학교,언북중학교,경기고등학교,한일장신대학교,판곡초등학교-언북중학교-경기고등학교-한일장신대학교,투수
2026,키움,박정훈,좌,좌,4011457,대한민국 경기도 안산시,2006-03-23,192.0,103.0,2025.0,2025년 3라운드(키움 히어로즈),삼일초등학교,매향중학교,비봉고등학교,,삼일초등학교-매향중학교-비봉고등학교,투수
2026,키움,박윤성,우,우,3971571,대한민국 부산광역시,2004-02-08,183.0,96.0,2024.0,2023년 3라운드(키움 히어로즈),수영초등학교,개성중학교,경남고등학교,,수영초등학교-개성중학교-경남고등학교,투수
2026,키움,유토,우,좌,10000005,,1999-11-04,185.0,,,,,,,,,투수
2026,한화,에르난데스,우,우,10000006,,1999-04-13,190.0,,,,,,,,,투수
2026,한화,조동욱,좌,좌,3814441,대한민국 경기도 시흥시,2004-11-02,194.0,91.0,2024.0,2024년 2라운드(한화 이글스),소래초등학교,영남중학교,장충고등학교,,소래초등학교-영남중학교-장충고등학교,투수
2026,한화,박준영,우,우,3225253,대한민국 충청북도 증평군,2003-03-02,190.0,103.0,2022.0,2022년 2차 1라운드(한화 이글스),충북 우암초등학교,세광중학교,세광고등학교,,충북 우암초등학교-세광중학교-세광고등학교,투수
2026,한화,윤산흠,우,좌,3069686,대한민국 전라남도 담양군,1999-05-15,178.0,74.0,2018.0,지명없음(육성선수 입단),,,,,,투수
2026,한화,정우주,우,우,3976071,대한민국 경기도 남양주시,2006-11-07,185.0,88.0,2025.0,2025년 1라운드(한화 이글스),남양주백봉초등학교,건국대학교 사범대학 부속중학교,전주고등학교,,남양주백봉초등학교-건국대학교 사범대학 부속중학교-전주고등학교,투수
2026,한화,김도빈,우,우,3891266,대한민국 인천광역시,2001-01-05,190.0,91.0,2024.0,육성선수 입단(한화 이글스),인천서화초등학교,신흥중학교,성지고등학교,강릉영동대학교,인천서화초등학교-신흥중학교-성지고등학교-강릉영동대학교,투수
2026,한화,김서현,우,우,3618453,대한민국 충청남도 천안시,2004-05-31,188.0,86.0,2023.0,2023년 1라운드(한화 이글스),서울효제초등학교,자양중학교,서울고등학교,,서울효제초등학교-자양중학교-서울고등학교,투수
2026,한화,강재민,우,우,2723883,대한민국 경상남도 창원시,1997-04-03,180.0,89.0,2020.0,2020년 2차 4라운드(한화 이글스),경남 양덕초등학교,마산중학교,마산용마고등학교,단국대학교,경남 양덕초등학교-마산중학교-마산용마고등학교-단국대학교,투수
2026,한화,원종혁,우,우,9000037,,2005-08-27,,,,,,,,,,투수
2026,KT,소형준,우,우,2699592,대한민국 경기도 의정부시,2001-09-16,189.0,92.0,2020.0,2020년 1차 지명(kt 위즈),경기 호암초등학교,경기 인창중학교,유신고등학교,,경기 호암초등학교-경기 인창중학교-유신고등학교,투수
2026,KT,손동현,우,우,2484614,대한민국 서울특별시,2001-01-23,183.0,88.0,2019.0,2019년 2차 3라운드(kt 위즈),서울염창초등학교,덕수중학교,서울 성남고등학교,,서울염창초등학교-덕수중학교-서울 성남고등학교,투수
2026,KT,김민수,우,우,1501530,대한민국 충청북도 청주시,1992-07-24,188.0,80.0,2015.0,2015년 특별 우선 지명(kt 위즈),서울 청원초등학교,청원중학교,서울 청원고등학교,성균관대학교,서울 청원초등학교-청원중학교-서울 청원고등학교-성균관대학교,투수
2026,LG,임찬규,우,우,555207,대한민국 서울특별시,1992-11-20,185.0,80.0,2011.0,2011년 1라운드(LG 트윈스),서울가동초등학교,청원중학교,휘문고등학교,,서울가동초등학교-청원중학교-휘문고등학교,투수
2026,LG,김진성,우,우,687603,대한민국 경기도 성남시,1985-03-07,186.0,92.0,2005.0,2004년 2차 6라운드(SK 와이번스),서울인헌초등학교,성남중학교,성남서고등학교,,서울인헌초등학교-성남중학교-성남서고등학교,투수
2026,LG,장현식,우,우,925563,대한민국 경기도 부천시,1995-02-24,181.0,101.0,2013.0,2013년 1라운드(NC 다이노스),경기 신도초등학교,이수중학교,서울고등학교,,경기 신도초등학교-이수중학교-서울고등학교,투수
2026,LG,유영찬,우,좌,3611491,대한민국 경기도 안산시,1997-03-07,185.0,90.0,2020.0,2020년 2차 5라운드(LG 트윈스),경기 덕성초등학교,배명중학교,배명고등학교,건국대학교,경기 덕성초등학교-배명중학교-배명고등학교-건국대학교,투수
2026,KIA,이의리,좌,좌,2851449,대한민국 광주광역시,2002-06-16,185.0,90.0,2021.0,2021년 1차 지명(KIA 타이거즈),광주수창초등학교,광주충장중학교,광주제일고등학교,,광주수창초등학교-광주충장중학교-광주제일고등학교,투수
2026,KIA,황동하,우,우,3639918,대한민국 전라북도 전주시,2002-07-30,183.0,96.0,2022.0,2022년 2차 7라운드(KIA 타이거즈),전주진북초등학교,전라중학교,인상고등학교,,전주진북초등학교-전라중학교-인상고등학교,투수
2026,KIA,홍민규,우,우,3988778,대한민국 서울특별시 용산구,2006-09-11,184.0,87.0,2025.0,2025년 3라운드(두산 베어스),서울논현초등학교,대원중학교,야탑고등학교,,서울논현초등학교-대원중학교-야탑고등학교,투수
2026,KIA,김시훈,우,우,3158359,대한민국 경상남도 창원시,1999-02-24,188.0,95.0,2018.0,2018년 1차 지명(NC 다이노스),경남 양덕초등학교,마산동중학교,마산고등학교,,경남 양덕초등학교-마산동중학교-마산고등학교,투수
2026,KIA,최지민,좌,좌,3196605,대한민국 강원도 강릉시,2003-09-10,185.0,100.0,2022.0,2022년 2차 1라운드(KIA 타이거즈),율곡초등학교,경포중학교,강릉고등학교,,율곡초등학교-경포중학교-강릉고등학교,투수
2026,KIA,김기훈,좌,좌,2459864,대한민국 광주광역시,2000-01-03,184.0,93.0,2019.0,2019년 1차 지명(KIA 타이거즈),광주수창초등학교,무등중학교,광주동성고등학교,,광주수창초등학교-무등중학교-광주동성고등학교,투수
2026,SSG,김건우,좌,좌,2851319,대한민국 인천광역시,2002-07-12,185.0,88.0,2021.0,2021년 1차 지명(SK 와이번스),인천가현초등학교,인천 동산중학교,제물포고등학교,,인천가현초등학교-인천 동산중학교-제물포고등학교,투수
2026,SSG,김택형,좌,좌,1240604,대한민국 인천광역시,1996-10-10,185.0,100.0,2015.0,2015년 2차 2라운드(넥센 히어로즈),인천창영초등학교,재능중학교,동산고등학교,,인천창영초등학교-재능중학교-동산고등학교,투수
2026,SSG,노경은,우,우,316925,대한민국 전라남도 함평군,1984-03-11,187.0,100.0,2003.0,2003년 1차 지명 (두산 베어스),서울화곡초등학교,서울 성남중학교,서울 성남고등학교,,서울화곡초등학교-서울 성남중학교-서울 성남고등학교,투수
2026,SSG,조병현,우,우,3057021,대한민국 충청남도 아산시,2002-05-08,182.0,90.0,2021.0,2021년 2차 3라운드(SK 와이번스),온양온천초등학교,온양중학교,세광고등학교,,온양온천초등학교-온양중학교-세광고등학교,투수
2026,롯데,비슬리,우,우,10000017,,1995-11-20,188.0,,,,,,,,,투수
2026,삼성,최원태,우,우,1499307,대한민국 서울특별시,1997-01-07,184.0,104.0,2015.0,2015년 1차 지명(넥센 히어로즈),서울인헌초등학교,서울 경원중학교,서울고등학교,,서울인헌초등학교-서울 경원중학교-서울고등학교,투수
2026,삼성,미야지,우,우,10000018,,1999-08-02,186.0,,,,,,,,,투수
2026,삼성,배찬승,좌,좌,3976074,대한민국 경기도,2006-01-01,180.0,85.0,2025.0,2025년 1라운드(삼성 라이온즈),옥산초등학교,협성경복중학교,대구고등학교,,옥산초등학교-협성경복중학교-대구고등학교,투수
2026,삼성,이승민,좌,좌,2724622,대한민국 대구광역시,2000-08-26,172.0,79.0,2020.0,2020년 2차 4라운드(삼성 라이온즈),대구본리초등학교,경상중학교,대구고등학교,,대구본리초등학교-경상중학교-대구고등학교,투수
2026,삼성,이승현,우,우,719985,대한민국 전라남도 화순군,1991-11-20,181.0,92.0,2010.0,2010년 2라운드(LG 트윈스),화순초등학교,광주진흥중학교,화순고등학교,,화순초등학교-광주진흥중학교-화순고등학교,투수
2026,두산,곽빈,우,우,1791887,대한민국 서울특별시,1999-05-28,187.0,95.0,2018.0,2018년 1차 지명(두산 베어스),서울학동초등학교,자양중학교,배명고등학교,,서울학동초등학교-자양중학교-배명고등학교,투수
2026,두산,최지강,우,좌,3272934,대한민국 광주광역시,2001-07-23,180.0,88.0,2022.0,지명없음(육성선수 입단),광주서석초등학교,광주동성중학교,광주동성고등학교,강릉영동대학교,광주서석초등학교-광주동성중학교-광주동성고등학교-강릉영동대학교,투수
2026,두산,타무라,우,좌,10000019,,1994-09-19,173.0,,,,,,,,,투수
2026,두산,이용찬,우,우,314554,대한민국 서울특별시,1989-01-02,185.0,85.0,2007.0,2007년 1차 지명(두산 베어스),서울신원초등학교,양천중학교,장충고등학교,,서울신원초등학교-양천중학교-장충고등학교,투수
2026,두산,김택연,우,우,3780705,대한민국 인천광역시,2005-06-03,182.0,88.0,2024.0,2024년 1라운드(두산 베어스),인천동막초등학교,상인천중학교,인천고등학교,,인천동막초등학교-상인천중학교-인천고등학교,투수
2026,NC,테일러,우,우,10000020,,1995-07-25,198.0,,,,,,,,,투수
2026,NC,손주환,우,우,4070455,부산광역시,2002-01-05,177.0,85.0,2024.0,2024년 6라운드(NC 다이노스),영천초등학교,신정중학교,물금고등학교,동아대학교,영천초등학교-신정중학교-물금고등학교-동아대학교,투수
2026,NC,임정호,좌,좌,958813,대한민국 서울특별시,1990-04-16,188.0,90.0,2013.0,2013년 3라운드(NC 다이노스),서울 성동초등학교,잠신중학교,신일고등학교,성균관대학교,서울 성동초등학교-잠신중학교-신일고등학교-성균관대학교,투수
2026,NC,류진욱,우,우,1222322,대한민국 부산광역시,1996-10-10,189.0,88.0,2015.0,2015년 2차 2라운드(NC 다이노스),양정초등학교,개성중학교,부산고등학교,,양정초등학교-개성중학교-부산고등학교,투수
2026,키움,하영민,우,우,1004269,대한민국 광주광역시,1995-05-07,180.0,74.0,2014.0,2014년 2차 1라운드(넥센 히어로즈),광주수창초등학교,광주진흥중학교,광주진흥고등학교,,광주수창초등학교-광주진흥중학교-광주진흥고등학교,투수
2026,키움,박진형,우,우,1614085,대한민국 강원특별자치도 속초시,1994-06-10,181.0,77.0,2013.0,2013년 2라운드(롯데 자이언츠),영랑초등학교,경포중학교,강릉고등학교,,영랑초등학교-경포중학교-강릉고등학교,투수
2026,키움,오석주,우,우,2507796,대한민국 부산광역시,1998-04-14,181.0,74.0,2017.0,2017년 2차 6라운드(LG 트윈스),양정초등학교,부산 대천중학교,제주고등학교,,양정초등학교-부산 대천중학교-제주고등학교,투수
2026,키움,윤석원,좌,좌,3663047,대한민국 부산광역시,2003-07-04,184.0,81.0,2022.0,2022년 2차 4라운드(키움 히어로즈),대연초등학교,부산개성중학교,부산고등학교,,대연초등학교-부산개성중학교-부산고등학교,투수
2026,키움,전준표,우,우,3780707,대한민국 서울특별시 서초구,2005-05-07,186.0,96.0,2024.0,2024년 1라운드(키움 히어로즈),서울잠일초등학교,잠신중학교,서울고등학교,,서울잠일초등학교-잠신중학교-서울고등학교,투수
2026,한화,왕옌청,좌,좌,10000021,,2001-02-14,180.0,,,,,,,,,투수
2026,KIA,올러,우,우,3933076,미국,1994-10-17,193.0,102.0,2016.0,20라운드 615순위 (피츠버그 파이리츠),,,,,,투수
2026,LG,톨허스트,우,우,4066309,캘리포니아주 샌티,1999-09-13,193.0,86.0,2019.0,23라운드 687순위 (토론토 블루제이스),,,,,,투수
2026,LG,이우찬,좌,좌,1919174,대한민국 충청남도 아산시,1992-08-04,185.0,97.0,2011.0,2011년 2차 2라운드(LG 트윈스),온양온천초등학교,온양중학교,북일고등학교,,온양온천초등학교-온양중학교-북일고등학교,투수
2026,키움,와일스,우,우,10000024,,1998-07-02,193.0,,,,,,,,,투수
2026,SSG,베니지아노,좌,좌,10000025,,1997-09-01,198.0,,,,,,,,,투수
2026,SSG,이기순,좌,좌,3654508,대한민국 인천광역시,2003-05-14,174.0,74.0,2022.0,2022년 2차 5라운드(SSG 랜더스),인천서흥초등학교,신흥중학교,동산고등학교,,인천서흥초등학교-신흥중학교-동산고등학교,투수
2026,SSG,백승건,좌,좌,2514823,대한민국 인천광역시,2000-10-29,183.0,85.0,2019.0,2019년 1차 지명(SK 와이번스),인천동막초등학교,상인천중학교,인천고등학교,,인천동막초등학교-상인천중학교-인천고등학교,투수
2026,두산,잭로그,좌,좌,3935293,미국,1996-04-23,183.0,84.0,2017.0,9라운드 279순위 (토론토 블루제이스),,,,,,투수
2026,삼성,오러클린,,,10000026,,2000-03-14,196.0,,,,,,,,,투수
2026,삼성,장찬희,우,우,10000027,,2007-10-05,186.0,,,,,,,,,투수
2026,삼성,김재윤,우,우,1146363,대한민국 서울특별시,1990-09-16,185.0,91.0,2015.0,2015년 특별우선지명(kt 위즈),서울도곡초등학교,휘문중학교,휘문고등학교,,서울도곡초등학교-휘문중학교-휘문고등학교,투수
2026,삼성,최지광,우,우,1744591,대한민국 부산광역시,1998-03-13,173.0,88.0,2017.0,2017년 2차 1라운드(삼성 라이온즈),부산 감천초등학교,부산대신중학교,부산고등학교,,부산 감천초등학교-부산대신중학교-부산고등학교,투수
2026,롯데,박세웅,우,우,967170,대한민국 경상북도 구미시,1995-11-30,182.0,85.0,2014.0,2014년 1차 지명(kt 위즈),대구경운초등학교,대구 경운중학교,경북고등학교,,대구경운초등학교-대구 경운중학교-경북고등학교,투수
2026,롯데,윤성빈,우,우,1940607,대한민국 경상남도 거제시,1999-02-26,197.0,90.0,2017.0,2017년 1차 지명(롯데 자이언츠),동일중앙초등학교,경남중학교,부산고등학교,,동일중앙초등학교-경남중학교-부산고등학교,투수
2026,롯데,박준우,우,우,4070581,경기도 부천시,2005-05-27,190.0,94.0,2024.0,2024년 4라운드(롯데 자이언츠),상동초등학교,부천중학교,유신고등학교,,상동초등학교-부천중학교-유신고등학교,투수
2026,롯데,이민석,우,우,3246699,대한민국 부산광역시,2003-12-10,189.0,95.0,2022.0,2022년 1차 지명(롯데 자이언츠),부산 수영초등학교,부산 대천중학교,개성고등학교,,부산 수영초등학교-부산 대천중학교-개성고등학교,투수
2026,NC,토다,우,우,10000028,,2000-07-22,170.0,,,,,,,,,투수
2026,NC,신영우,우,우,3892639,대한민국 부산광역시,2004-04-21,182.0,86.0,2023.0,2023년 한국프로야구 신인드래프트 1라운드 4순위 4번(NC 다이노스),과정초등학교,센텀중학교,경남고등학교,,과정초등학교-센텀중학교-경남고등학교,투수
2026,NC,원종해,우,우,10000029,,2005-04-09,183.0,,,,,,,,,투수
2026,KT,보쉴리,우,우,10000030,,1993-10-01,190.0,,,,,,,,,투수
2026,KT,주권,우,우,1106095,중화인민공화국 지린성,1995-05-31,181.0,82.0,2015.0,2015년 특별우선지명(kt 위즈),충북 우암초등학교,청주중학교,청주고등학교,,충북 우암초등학교-청주중학교-청주고등학교,투수
2026,한화,화이트,우,우,10000031,,1999-08-09,190.0,,,,,,,,,투수
2026,한화,엄상백,우,우,1113208,대한민국 서울특별시,1996-10-04,191.0,72.0,2015.0,2015년 1차 지명(kt 위즈),서울역삼초등학교,언북중학교,덕수고등학교,,서울역삼초등학교-언북중학교-덕수고등학교,투수
2026,KIA,양현종,좌,좌,239450,대한민국 광주광역시,1988-03-01,183.0,91.0,2007.0,2007년 2차 1라운드(KIA 타이거즈),광주학강초등학교,광주동성중학교,광주동성고등학교,,광주학강초등학교-광주동성중학교-광주동성고등학교,투수
2026,LG,송승기,좌,좌,3207349,대한민국 경기도 시흥시,2002-04-10,181.0,90.0,2021.0,2021년 2차 9라운드(LG 트윈스),경기 삼일초등학교,매향중학교,야탑고등학교,,경기 삼일초등학교-매향중학교-야탑고등학교,투수
2026,SSG,타케다,우,우,10000034,,1993-04-03,187.0,,,,,,,,,투수
2026,두산,최승용,좌,좌,2998539,대한민국 경기도 남양주시,2001-05-11,190.0,87.0,2021.0,2021년 2차 2라운드(두산 베어스),양오초등학교,모가중학교,소래고등학교,,양오초등학교-모가중학교-소래고등학교,투수
2026,삼성,양창섭,우,우,1883147,대한민국 서울특별시,1999-09-22,182.0,85.0,2018.0,2018년 2차 1라운드(삼성 라이온즈),서울녹천초등학교,서울 청량중학교,덕수고등학교,,서울녹천초등학교-서울 청량중학교-덕수고등학교,투수
2026,롯데,나균안,우,우,1747364,대한민국 경상남도 창원시,1998-03-16,186.0,109.0,2017.0,2017년 2차 1라운드(롯데 자이언츠),경남 무학초등학교,경남 신월중학교,마산용마고등학교,,경남 무학초등학교-경남 신월중학교-마산용마고등학교,투수
2026,NC,신민혁,우,우,2797886,대한민국 서울특별시,1999-02-04,184.0,95.0,2018.0,2018년 2차 5라운드(NC 다이노스),서울염강초등학교,매향중학교,야탑고등학교,,서울염강초등학교-매향중학교-야탑고등학교,투수
2026,KT,고영표,우,우,1078061,대한민국 전라남도 나주시,1991-09-16,187.0,88.0,2014.0,2014년 2차 1라운드(kt wiz),광주대성초등학교,광주동성중학교,화순고등학교,동국대학교,광주대성초등학교-광주동성중학교-화순고등학교-동국대학교,투수
2026,한화,류현진,좌,우,68735,대한민국 인천직할시,1987-03-25,190.0,113.0,2006.0,2006년 2차 1라운드(한화 이글스),인천창영초등학교,동산중학교,동산고등학교,대전대학교,인천창영초등학교-동산중학교-동산고등학교-대전대학교,투수
2026,한화,박상원,우,우,841120,대한민국 서울특별시,1994-09-09,187.0,98.0,2017.0,2017년 2차 3라운드(한화 이글스),서울백운초등학교,이수중학교,휘문고등학교,연세대학교,서울백운초등학교-이수중학교-휘문고등학교-연세대학교,투수
2026,한화,강건우,좌,좌,10000035,,2007-07-19,188.0,,,,,,,,,투수
2026,한화,박재규,우,우,10000036,,2003-07-03,181.0,,,,,,,,,투수
2026,KIA,김태형,우,우,4072789,대한민국 광주광역시 광산구 신창동,2006-12-15,186.0,91.0,2025.0,2025년 1라운드(KIA 타이거즈),화순초등학교,거원중학교,덕수고등학교,,화순초등학교-거원중학교-덕수고등학교,투수
2026,LG,웰스,좌,좌,4019624,뉴사우스웨일스주 뉴캐슬,1997-02-27,185.0,83.0,2014.0,,,,,,,투수
2026,키움,정현우,좌,좌,3977517,대한민국 서울특별시,2006-04-13,184.0,91.0,2025.0,2025년 1라운드(키움 히어로즈),서울홍제초등학교,충암중학교,덕수고등학교,,서울홍제초등학교-충암중학교-덕수고등학교,투수
2026,키움,정세영,좌,좌,9000031,,2006-09-23,,,,,,,,,,투수
2026,SSG,최민준,우,우,2011758,대한민국 부산광역시,1999-06-11,178.0,83.0,2018.0,2018년 2차 2라운드(SK 와이번스),부산 수영초등학교,경남중학교,경남고등학교,,부산 수영초등학교-경남중학교-경남고등학교,투수
2026,SSG,한두솔,좌,좌,3213242,대한민국 광주광역시,1997-01-15,177.0,86.0,2018.0,지명없음(육성선수 입단),광주수창초등학교,광주진흥중학교,광주제일고등학교,,광주수창초등학교-광주진흥중학교-광주제일고등학교,투수
2026,두산,최민석,우,우,4000964,대한민국 서울특별시,2006-07-02,189.0,84.0,2025.0,2025년 2라운드(두산 베어스),서울중대초등학교,양천중학교,서울고등학교,,서울중대초등학교-양천중학교-서울고등학교,투수
2026,삼성,이승현,좌,좌,2851752,대한민국 대구광역시,2002-05-19,183.0,102.0,2021.0,2021년 1차 지명(삼성 라이온즈),대구남도초등학교,경복중학교,대구상원고등학교,,대구남도초등학교-경복중학교-대구상원고등학교,투수
2026,롯데,김진욱,좌,좌,2865932,대한민국 경기도 평택시,2002-07-05,185.0,90.0,2021.0,2021년 2차 1라운드(롯데 자이언츠),수원신곡초등학교,춘천중학교,강릉고등학교,,수원신곡초등학교-춘천중학교-강릉고등학교,투수
2026,롯데,김강현,우,좌,2828124,대한민국 서울특별시,1995-02-27,177.0,84.0,2015.0,지명없음(육성선수 입단),서울고명초등학교,청원중학교,서울 청원고등학교,세계사이버대학,서울고명초등학교-청원중학교-서울 청원고등학교-세계사이버대학,투수
2026,NC,버하겐,,,10000037,,1990-10-22,198.0,,,,,,,,,투수
2026,KT,오원석,좌,좌,2828629,대한민국 경기도 성남시,2001-04-23,182.0,80.0,2020.0,2020년 1차 지명(SK 와이번스),수진초등학교,매송중학교,야탑고등학교,,수진초등학교-매송중학교-야탑고등학교,투수
2026,KT,박지훈,우,우,10000038,,2007-01-19,188.0,,,,,,,,,투수
2026,한화,문동주,우,우,3057205,대한민국 광주광역시,2003-12-23,188.0,97.0,2022.0,2022년 1차 지명(한화 이글스),광주화정초등학교,무등중학교,광주진흥고등학교,,광주화정초등학교-무등중학교-광주진흥고등학교,투수
2026,한화,김종수,우,우,2094541,대한민국 서울특별시,1994-06-03,180.0,80.0,2013.0,2013년 8라운드(한화 이글스),서울 성동초등학교,덕수중학교,울산공업고등학교,,서울 성동초등학교-덕수중학교-울산공업고등학교,투수
2026,두산,윤태호,우,우,4078875,인천광역시,2003-10-10,190.0,90.0,2022.0,2022년 5라운드(두산 베어스),상인천초등학교,동인천중학교,인천고등학교,,상인천초등학교-동인천중학교-인천고등학교,투수
2026,롯데,신동건,우,우,10000039,,2007-10-05,193.0,,,,,,,,,투수
2026,KIA,이태양,우,좌,419526,대한민국 전라남도 여수시,1990-07-03,192.0,97.0,2010.0,2010년 5라운드(한화 이글스),여수서초등학교,여수중학교,순천효천고등학교,,여수서초등학교-여수중학교-순천효천고등학교,투수
2026,두산,김정우,우,우,1797508,대한민국 경기도 시흥시,1999-05-15,183.0,87.0,2018.0,2018년 1차 지명(SK 와이번스),소래초등학교,인천 동산중학교,동산고등학교,,소래초등학교-인천 동산중학교-동산고등학교,투수
2026,두산,박정수,우,좌,1591976,대한민국 서울특별시,1996-01-29,178.0,74.0,2015.0,2015년 2차 7라운드(KIA 타이거즈),서울청구초등학교,이수중학교,야탑고등학교,,서울청구초등학교-이수중학교-야탑고등학교,투수
2026,NC,목지훈,우,우,3892643,대한민국 서울특별시 중랑구,2004-05-11,181.0,83.0,2023.0,2023년 한국프로야구 신인드래프트 4라운드 4순위 34번(NC 다이노스),서울효제초등학교,청량중학교,신일고등학교,,서울효제초등학교-청량중학교-신일고등학교,투수
2026,한화,황준서,좌,좌,3784562,대한민국 서울특별시,2005-08-22,185.0,78.0,2024.0,2024년 1라운드(한화 이글스),서울면일초등학교,상명중학교,장충고등학교,,서울면일초등학교-상명중학교-장충고등학교,투수
2026,한화,김범준,우,우,10000041,,2000-09-30,175.0,,,,,,,,,투수
2026,키움,정다훈,우,우,10000042,,2006-07-06,183.0,,,,,,,,,투수
2026,롯데,정현수,좌,좌,3795035,대한민국 부산광역시,2001-05-10,180.0,84.0,2024.0,2024년 2라운드(롯데 자이언츠),대연초등학교,부산중학교,부산고등학교,송원대학교,대연초등학교-부산중학교-부산고등학교-송원대학교,투수
2026,롯데,최이준,우,우,1971721,대한민국 서울특별시,1999-04-10,182.0,90.0,2018.0,2018년 2차 2라운드(kt wiz),서울이수초등학교,대치중학교,장충고등학교,,서울이수초등학교-대치중학교-장충고등학교,투수
2026,롯데,최충연,우,우,1466893,대한민국 대구광역시,1997-03-05,190.0,85.0,2016.0,2016년 1차 지명(삼성 라이온즈),대구수창초등학교,대구중학교,경북고등학교,,대구수창초등학교-대구중학교-경북고등학교,투수
2026,KIA,한재승,우,우,3213928,대한민국 인천광역시,2001-11-21,180.0,90.0,2021.0,2021년 2차 4라운드(NC 다이노스),인천동막초등학교,상인천중학교,인천고등학교,,인천동막초등학교-상인천중학교-인천고등학교,투수
2026,키움,이준우,우,우,4013110,대한민국 부산광역시,2001-03-02,183.0,93.0,2025.0,,문현초등학교,센텀중학교,경남고등학교,동의대학교,문현초등학교-센텀중학교-경남고등학교-동의대학교,투수
2026,NC,전사민,우,우,2514541,대한민국 부산광역시,1999-07-06,194.0,85.0,2019.0,2019년 2차 2라운드(NC 다이노스),부산 연서초등학교,부산대신중학교,부산정보고등학교,,부산 연서초등학교-부산대신중학교-부산정보고등학교,투수
2026,SSG,장지훈,우,우,2966331,대한민국 경상남도 김해시,1998-12-06,177.0,82.0,2021.0,2021년 2차 4라운드(SK 와이번스),김해삼성초등학교,경남 내동중학교,김해고등학교,동의대학교,김해삼성초등학교-경남 내동중학교-김해고등학교-동의대학교,투수
2026,LG,성동현,우,우,2259680,대한민국 경기도 고양시,1999-05-18,189.0,108.0,2018.0,2018년 2차 1라운드(LG 트윈스),백마초등학교,홍은중학교,장충고등학교,,백마초등학교-홍은중학교-장충고등학교,투수
2026,한화,이상규,우,우,2559259,대한민국 서울특별시,1996-10-20,185.0,77.0,2015.0,2015년 2차 7라운드(LG 트윈스),서울흥인초등학교,청원중학교,서울 청원고등학교,,서울흥인초등학교-청원중학교-서울 청원고등학교,투수
2026,삼성,원태인,우,좌,2485589,대한민국 대구광역시,2000-04-06,183.0,92.0,2019.0,2019년 1차 지명(삼성 라이온즈),대구율하초등학교,경복중학교,경북고등학교,,대구율하초등학교-경복중학교-경북고등학교,투수
2026,KT,문용익,우,우,3026295,대한민국 경기도 고양시,1995-02-04,178.0,93.0,2017.0,2017년 2차 6라운드(삼성 라이온즈),,양천중학교,청원고등학교,대구사이버대학교,양천중학교-청원고등학교-대구사이버대학교,투수
2026,키움,안우진,우,우,1791894,대한민국 서울특별시,1999-08-30,192.0,90.0,2018.0,2018년 1차 지명(넥센 히어로즈),서울강남초등학교,이수중학교,휘문고등학교,,서울강남초등학교-이수중학교-휘문고등학교,투수
2026,KIA,홍건희,우,우,606775,대한민국 전라남도 화순군,1992-09-29,187.0,97.0,2011.0,2011년 2라운드(KIA 타이거즈),화순초등학교,화순중학교,화순고등학교,,화순초등학교-화순중학교-화순고등학교,투수
2026,한화,쿠싱,,,10000045,,1996-12-03,190.0,,,,,,,,,투수
2026,한화,이민우,우,우,1832521,대한민국 전라남도 순천시,1993-02-09,185.0,104.0,2015.0,2015년 1차 지명(KIA 타이거즈),순천북초등학교,순천이수중학교,효천고등학교,경성대학교,순천북초등학교-순천이수중학교-효천고등학교-경성대학교,투수
