연도,날짜,gameId,팀,타점,득점,타석,타수,안타,볼넷,사구,피삼진,2루타,3루타,홈런,희생번트,희생플라이,병살타,타격방해,고의사구,투구점수,아웃수,피안타,피홈런,볼넷_1,삼진,실점,자책,타자수,투구수,G
2026,2026-03-28,20260328HTSK0,KIA,6,6,43,39,12,4,0,13,2,0,0,0,0,0,0,2,280.9,25,8,0,6,8,7,6,39,164,6
2026,2026-03-28,20260328HTSK0,SSG,5,7,39,33,8,5,1,8,1,0,0,0,0,0,0,0,287.9,27,12,0,4,13,6,6,43,174,6
2026,2026-03-28,20260328KTLG0,KT,11,11,49,42,18,4,2,5,1,1,1,0,1,0,0,0,264.9,27,12,1,8,5,7,7,46,182,6
2026,2026-03-28,20260328KTLG0,LG,7,7,46,36,12,8,0,5,1,0,1,0,2,1,0,0,339.7,27,18,1,6,5,11,11,49,183,8
2026,2026-03-28,20260328LTSS0,롯데,6,6,39,36,11,1,0,6,2,0,3,1,1,0,0,0,293.9,27,8,0,8,10,3,2,43,190,6
2026,2026-03-28,20260328LTSS0,삼성,3,3,43,35,8,7,1,10,2,0,0,0,0,0,0,0,182.1,27,11,3,1,6,6,6,39,141,4
2026,2026-03-28,20260328OBNC0,NC,6,6,39,29,5,7,2,9,1,0,1,1,0,2,0,0,316.9,27,3,0,3,4,0,0,34,147,6
2026,2026-03-28,20260328OBNC0,두산,0,0,34,31,3,2,1,4,1,0,0,0,0,0,0,0,279.4,24,5,1,9,9,6,3,39,166,6
2026,2026-03-28,20260328WOHH0,키움,8,9,54,42,12,11,1,9,3,0,0,0,0,2,0,0,310.8,32,16,2,4,9,10,10,50,187,7
2026,2026-03-28,20260328WOHH0,한화,9,10,50,46,16,4,0,9,2,0,2,0,0,2,0,0,410.1,33,12,0,12,9,9,9,54,230,9
2026,2026-03-29,20260329HTSK0,KIA,6,6,40,32,8,8,0,7,3,0,2,0,0,3,0,0,250.4,24,8,3,8,7,11,11,40,165,6
2026,2026-03-29,20260329HTSK0,SSG,11,11,40,31,8,8,0,7,3,0,3,0,1,0,0,0,273.9,27,8,2,8,7,6,6,40,173,6
2026,2026-03-29,20260329KTLG0,KT,6,6,40,34,11,6,0,2,2,0,1,0,0,3,0,0,283.9,27,10,0,6,6,5,5,42,189,6
2026,2026-03-29,20260329KTLG0,LG,5,5,42,36,10,5,1,6,2,0,0,0,0,1,0,0,223.5,27,11,1,6,2,6,6,40,163,5
2026,2026-03-29,20260329LTSS0,롯데,6,6,38,34,11,4,0,7,1,0,4,0,0,3,0,0,257.5,27,5,0,5,6,2,1,36,157,5
2026,2026-03-29,20260329LTSS0,삼성,2,2,36,31,5,3,2,6,3,0,0,0,0,1,0,0,220.5,27,11,4,4,7,6,6,38,138,5
2026,2026-03-29,20260329OBNC0,NC,5,6,43,36,10,6,0,12,3,0,2,1,0,0,0,0,359.7,27,10,3,5,9,9,9,41,174,8
2026,2026-03-29,20260329OBNC0,두산,9,9,41,36,10,5,0,9,1,0,3,0,0,0,0,1,326.3,27,10,2,6,12,6,6,43,175,7
2026,2026-03-29,20260329WOHH0,키움,3,4,37,32,6,2,2,8,2,0,0,0,1,0,0,0,212.0,24,15,1,3,9,10,6,44,163,5
2026,2026-03-29,20260329WOHH0,한화,9,10,44,40,15,3,0,9,3,0,1,0,1,0,0,0,300.9,27,6,0,4,8,4,4,37,150,6
2026,2026-03-31,20260331HTLG0,KIA,7,7,45,39,12,5,1,12,3,0,1,0,0,0,0,0,214.1,27,5,0,3,6,2,2,34,132,4
2026,2026-03-31,20260331HTLG0,LG,2,2,34,31,5,3,0,6,1,0,0,0,0,1,0,0,275.9,27,12,1,6,12,7,7,45,185,6
2026,2026-03-31,20260331KTHH0,KT,7,9,53,40,12,9,3,10,5,1,1,0,1,0,0,0,289.9,27,9,1,6,11,4,2,42,167,6
2026,2026-03-31,20260331KTHH0,한화,4,4,42,36,9,6,0,11,1,0,1,0,0,1,0,0,350.7,27,12,1,12,10,9,9,53,220,8
2026,2026-03-31,20260331LTNC0,NC,8,9,39,32,8,6,1,9,2,0,0,0,0,0,0,0,262.5,27,5,0,5,11,2,2,37,152,5
2026,2026-03-31,20260331LTNC0,롯데,2,2,37,32,5,5,0,11,3,0,0,0,0,1,0,0,225.0,24,8,0,7,9,9,5,39,160,5
2026,2026-03-31,20260331OBSS0,두산,5,5,52,42,12,7,1,6,4,0,0,1,1,1,0,0,247.5,33,9,2,3,8,5,5,45,143,5
2026,2026-03-31,20260331OBSS0,삼성,5,5,45,40,9,3,0,8,0,0,2,2,0,0,0,1,379.7,33,12,0,8,6,5,5,52,202,8
2026,2026-03-31,20260331WOSK0,SSG,7,9,41,35,12,5,0,5,3,0,2,0,1,1,0,0,253.5,27,9,0,2,7,3,2,38,162,5
2026,2026-03-31,20260331WOSK0,키움,3,3,38,34,9,2,0,7,0,0,0,1,1,0,0,0,161.6,24,12,2,5,5,9,8,41,148,4
2026,2026-04-01,20260401HTLG0,KIA,2,2,36,33,7,3,0,7,2,0,1,0,0,1,0,0,221.0,24,8,0,10,5,7,7,43,175,5
2026,2026-04-01,20260401HTLG0,LG,7,7,43,31,8,9,1,5,4,0,0,1,1,0,0,0,349.3,27,7,1,3,7,2,2,36,165,7
2026,2026-04-01,20260401KTHH0,KT,13,14,48,41,14,7,0,9,4,0,1,0,0,1,0,0,345.7,27,14,2,8,11,11,9,52,192,8
2026,2026-04-01,20260401KTHH0,한화,11,11,52,42,14,6,2,11,2,0,2,1,1,0,0,0,388.1,27,14,1,7,9,14,13,48,220,9
2026,2026-04-01,20260401LTNC0,NC,5,5,41,35,11,5,0,8,2,0,2,1,0,0,0,1,329.3,27,8,2,6,5,4,4,40,148,7
2026,2026-04-01,20260401LTNC0,롯데,4,4,40,31,8,6,0,5,0,0,2,2,1,0,0,0,227.5,25,11,2,5,8,5,5,41,165,5
2026,2026-04-01,20260401OBSS0,두산,3,3,35,34,7,1,0,4,0,0,1,0,0,0,0,0,243.4,24,13,1,6,4,13,9,43,158,6
2026,2026-04-01,20260401OBSS0,삼성,13,13,43,35,13,5,1,4,3,2,1,0,2,1,0,0,252.5,27,7,1,1,4,3,3,35,130,5
2026,2026-04-01,20260401WOSK0,SSG,1,2,39,34,8,5,0,6,2,0,0,0,0,1,0,0,163.1,27,15,0,6,8,11,9,49,194,4
2026,2026-04-01,20260401WOSK0,키움,8,11,49,43,15,5,1,8,6,0,0,0,0,1,0,0,346.3,27,8,0,5,6,2,2,39,161,7
2026,2026-04-02,20260402HTLG0,KIA,1,1,36,34,7,2,0,4,1,0,0,0,0,0,0,0,204.6,24,5,0,5,5,2,2,34,115,4
2026,2026-04-02,20260402HTLG0,LG,2,2,34,29,5,5,0,5,0,0,0,0,0,0,0,1,213.1,27,7,0,2,4,1,1,36,124,4
2026,2026-04-02,20260402KTHH0,KT,12,13,56,48,19,7,1,11,3,1,2,0,0,0,0,0,228.5,27,10,2,4,11,8,8,41,166,5
2026,2026-04-02,20260402KTHH0,한화,8,8,41,37,10,2,2,11,1,0,2,0,0,1,0,0,140.10000000000002,27,19,2,8,11,13,12,56,206,4
2026,2026-04-02,20260402LTNC0,NC,7,8,38,33,10,5,0,7,2,0,0,0,0,0,0,0,292.9,27,6,1,4,4,4,4,35,129,6
2026,2026-04-02,20260402LTNC0,롯데,4,4,35,29,6,3,1,4,1,0,1,1,1,1,0,0,178.6,24,10,0,5,7,8,8,38,170,4
2026,2026-04-02,20260402OBSS0,두산,2,2,34,31,4,2,1,8,1,0,1,0,0,0,0,0,143.2,24,6,1,5,6,5,4,35,126,3
2026,2026-04-02,20260402OBSS0,삼성,4,5,35,29,6,5,0,6,0,0,1,0,1,1,0,0,261.5,27,4,1,3,8,2,2,34,122,5
2026,2026-04-02,20260402WOSK0,SSG,11,11,39,34,12,4,0,4,2,0,2,1,0,1,0,0,212.1,27,7,0,5,9,1,1,37,157,4
2026,2026-04-02,20260402WOSK0,키움,1,1,37,32,7,4,1,9,2,0,0,0,0,2,0,0,61.8,24,12,2,4,4,11,11,39,138,2
2026,2026-04-03,20260403HHOB0,두산,5,6,44,35,10,8,1,8,0,0,0,0,0,2,0,0,248.9,27,13,1,8,3,11,9,47,163,6
2026,2026-04-03,20260403HHOB0,한화,9,11,47,39,13,5,3,3,3,0,1,0,0,1,0,0,324.3,27,10,0,9,8,6,5,44,186,7
2026,2026-04-03,20260403LGWO0,LG,2,2,39,37,10,2,0,10,3,0,1,0,0,0,0,0,239.0,24,11,0,3,9,5,5,36,135,5
2026,2026-04-03,20260403LGWO0,키움,5,5,36,32,11,3,0,9,3,0,0,1,0,2,0,0,253.5,27,10,1,2,10,2,2,39,156,5
2026,2026-04-03,20260403NCHT0,KIA,2,2,34,29,3,4,0,9,1,0,1,1,0,1,0,0,239.5,27,8,0,8,9,5,4,40,180,5
2026,2026-04-03,20260403NCHT0,NC,4,5,40,31,8,5,3,9,2,0,0,1,0,2,0,0,215.1,27,3,1,4,9,2,2,34,134,4
2026,2026-04-03,20260403SKLT0,SSG,16,17,56,42,18,12,1,3,7,0,3,0,1,2,0,0,110.3,27,7,0,5,5,2,2,38,129,2
2026,2026-04-03,20260403SKLT0,롯데,1,2,38,33,7,5,0,5,2,0,0,0,0,1,0,0,108.1,27,18,3,13,3,17,17,56,209,4
2026,2026-04-03,20260403SSKT0,KT,1,1,34,32,7,2,0,6,0,0,1,0,0,2,0,0,208.1,27,7,0,3,4,2,2,37,129,4
2026,2026-04-03,20260403SSKT0,삼성,2,2,37,34,7,3,0,4,2,1,0,0,0,0,0,0,211.1,27,7,1,2,6,1,1,34,145,4
2026,2026-04-04,20260404HHOB0,두산,1,3,36,34,8,2,0,7,2,0,0,0,0,1,0,0,265.9,27,13,0,8,10,9,6,47,179,6
2026,2026-04-04,20260404HHOB0,한화,9,9,47,38,13,6,2,10,4,0,0,0,1,2,0,0,255.5,27,8,0,2,7,3,0,36,126,5
2026,2026-04-04,20260404LGWO0,LG,6,6,43,34,9,8,1,6,1,0,2,0,0,2,0,0,296.9,27,10,0,2,8,4,3,39,160,6
2026,2026-04-04,20260404LGWO0,키움,4,4,39,36,10,2,0,8,4,0,0,0,1,0,0,0,268.9,27,9,2,9,6,6,6,43,201,6
2026,2026-04-04,20260404NCHT0,KIA,0,0,36,30,5,6,0,7,0,0,0,0,0,2,0,0,218.5,27,10,3,9,9,6,6,46,200,5
2026,2026-04-04,20260404NCHT0,NC,5,6,46,37,10,9,0,9,1,0,3,0,0,0,0,0,309.9,27,5,0,6,7,0,0,36,146,6
2026,2026-04-04,20260404SKLT0,SSG,7,7,46,40,14,5,0,8,3,0,0,1,0,0,0,0,320.3,27,7,2,9,6,6,6,42,171,7
2026,2026-04-04,20260404SKLT0,롯데,6,6,42,32,7,9,0,6,1,0,2,0,1,1,0,2,226.5,27,14,0,5,8,7,7,46,169,5
2026,2026-04-04,20260404SSKT0,KT,6,6,41,36,11,4,1,13,2,0,1,0,0,2,0,0,177.1,27,14,2,1,9,8,8,42,136,4
2026,2026-04-04,20260404SSKT0,삼성,8,8,42,40,14,1,0,9,4,0,2,1,0,0,0,1,236.5,27,11,1,5,13,6,6,41,151,5
2026,2026-04-05,20260405HHOB0,두산,7,8,39,30,8,5,2,10,0,2,1,2,0,0,0,0,220.1,27,5,0,4,8,0,0,36,144,4
2026,2026-04-05,20260405HHOB0,한화,0,0,36,31,5,3,1,8,1,0,0,1,0,0,0,0,272.4,24,8,1,7,10,8,8,39,147,6
2026,2026-04-05,20260405LGWO0,LG,6,6,46,38,15,4,1,7,2,0,1,2,1,0,0,0,235.5,27,9,2,5,9,5,5,40,156,5
2026,2026-04-05,20260405LGWO0,키움,5,5,40,35,9,4,1,9,1,0,2,0,0,2,0,0,222.5,27,15,1,5,7,6,6,46,171,5
2026,2026-04-05,20260405NCHT0,KIA,3,3,32,27,7,2,0,2,1,0,0,1,2,0,0,1,228.1,27,4,0,0,6,0,0,32,117,4
2026,2026-04-05,20260405NCHT0,NC,0,0,32,32,4,0,0,6,1,0,0,0,0,0,0,0,153.2,24,7,0,2,2,3,3,32,99,3
2026,2026-04-05,20260405SKLT0,SSG,4,4,43,32,7,9,2,6,1,0,0,0,0,0,0,1,243.5,27,10,1,3,5,3,3,39,153,5
2026,2026-04-05,20260405SKLT0,롯데,3,3,39,36,10,3,0,5,4,0,1,0,0,1,0,0,235.5,27,7,0,11,6,4,4,43,168,5
2026,2026-04-05,20260405SSKT0,KT,2,2,32,28,6,3,0,6,1,0,0,0,1,0,0,0,216.1,27,6,0,3,4,0,0,34,134,4
2026,2026-04-05,20260405SSKT0,삼성,0,0,34,31,6,3,0,4,0,0,0,0,0,2,0,0,207.6,24,6,0,3,6,2,2,32,125,4
2026,2026-04-07,20260407HHSK0,SSG,2,2,34,30,4,4,0,14,2,0,1,0,0,0,0,0,236.5,27,8,0,8,9,6,6,43,159,5
2026,2026-04-07,20260407HHSK0,한화,6,6,43,34,8,7,1,9,1,0,0,1,0,0,0,1,218.1,27,4,1,4,14,2,2,34,144,4
2026,2026-04-07,20260407KTLT0,KT,7,7,46,36,9,8,1,10,3,0,0,0,1,0,0,0,251.5,27,11,0,4,13,3,3,42,162,5
2026,2026-04-07,20260407KTLT0,롯데,3,3,42,38,11,3,1,13,2,0,0,0,0,0,0,0,325.3,27,9,0,9,10,7,5,46,209,7
2026,2026-04-07,20260407LGNC0,LG,2,2,39,33,6,5,0,10,0,0,0,1,0,0,0,1,262.5,27,9,0,3,9,0,0,39,160,5
2026,2026-04-07,20260407LGNC0,NC,0,0,39,36,9,3,0,9,0,0,0,0,0,0,0,0,354.3,27,6,0,5,10,2,2,39,159,7
2026,2026-04-07,20260407SSHT0,KIA,3,3,40,31,6,7,1,8,3,0,0,1,0,1,0,1,261.9,27,11,2,4,5,10,10,42,167,6
2026,2026-04-07,20260407SSHT0,삼성,10,10,42,38,11,4,0,5,5,0,2,0,0,0,0,0,295.9,27,6,0,8,8,3,3,40,158,6
2026,2026-04-07,20260407WOOB0,두산,2,2,38,31,6,4,1,8,2,1,0,0,2,0,0,0,297.9,27,7,0,5,12,5,4,40,179,6
2026,2026-04-07,20260407WOOB0,키움,3,5,40,34,7,5,0,12,0,0,0,0,1,1,0,0,257.5,27,6,0,5,8,2,2,38,145,5
2026,2026-04-08,20260408HHSK0,SSG,3,3,41,35,9,5,1,9,3,1,1,0,0,1,0,0,252.5,27,5,1,3,7,4,0,35,123,5
2026,2026-04-08,20260408HHSK0,한화,3,4,35,32,5,3,0,7,1,0,1,0,0,1,0,0,243.5,27,9,1,6,9,3,3,41,159,5
2026,2026-04-08,20260408KTLT0,KT,1,1,30,29,3,1,0,7,1,0,1,0,0,1,0,0,178.6,24,13,1,3,7,6,4,39,143,4
2026,2026-04-08,20260408KTLT0,롯데,5,6,39,35,13,3,0,7,1,0,1,0,1,1,0,0,127.3,27,3,1,1,7,1,1,30,106,2
2026,2026-04-08,20260408LGNC0,LG,5,5,40,36,11,4,0,8,2,0,2,0,0,1,0,0,245.5,27,7,2,4,10,4,4,38,153,5
2026,2026-04-08,20260408LGNC0,NC,4,4,38,34,7,4,0,10,1,0,2,0,0,0,0,0,327.3,27,11,2,4,8,5,5,40,174,7
2026,2026-04-08,20260408SSHT0,KIA,15,15,54,42,19,10,0,5,2,0,2,1,1,1,0,0,223.5,27,13,1,5,1,5,5,44,176,5
2026,2026-04-08,20260408SSHT0,삼성,5,5,44,39,13,4,1,1,2,0,1,0,0,1,0,0,72.19999999999999,24,19,2,10,5,15,14,54,185,3
2026,2026-04-08,20260408WOOB0,두산,6,7,41,30,8,6,2,2,2,0,0,1,2,0,0,0,197.1,27,7,1,8,10,3,3,41,164,4
2026,2026-04-08,20260408WOOB0,키움,3,3,41,33,7,7,1,10,1,1,1,0,0,1,0,0,222.0,24,8,0,8,2,7,5,41,149,5
2026,2026-04-10,20260410HTHH0,KIA,6,6,39,31,7,5,0,6,2,0,3,3,0,1,0,0,196.1,27,7,2,2,7,5,5,35,128,4
2026,2026-04-10,20260410HTHH0,한화,5,5,35,33,7,2,0,7,2,0,2,0,0,1,0,0,324.3,27,7,3,5,6,6,5,39,151,7
2026,2026-04-10,20260410LTWO0,롯데,3,3,36,35,11,1,0,12,0,1,1,0,0,1,0,0,131.3,27,4,1,0,11,1,1,31,114,2
2026,2026-04-10,20260410LTWO0,키움,1,1,31,31,4,0,0,11,1,0,1,0,0,1,0,0,205.1,27,11,1,1,12,3,3,36,137,4
2026,2026-04-10,20260410NCSS0,NC,4,5,45,38,11,3,3,8,0,0,2,1,0,1,0,0,211.0,24,10,2,7,4,8,8,39,145,5
2026,2026-04-10,20260410NCSS0,삼성,8,8,39,32,10,7,0,4,2,2,2,0,0,1,0,0,275.9,27,11,2,6,8,5,2,45,159,6
2026,2026-04-10,20260410OBKT0,KT,7,7,56,45,11,11,0,16,1,0,0,0,0,0,0,0,338.3,33,11,0,5,13,8,7,48,177,7
2026,2026-04-10,20260410OBKT0,두산,8,8,48,40,11,4,1,13,3,1,0,2,1,2,0,1,379.7,33,11,0,11,16,7,7,56,231,8
2026,2026-04-10,20260410SKLG0,LG,10,10,44,31,10,7,3,8,1,0,1,0,3,0,0,0,254.5,27,8,0,4,7,2,2,39,155,5
2026,2026-04-10,20260410SKLG0,SSG,1,2,39,34,8,4,0,7,1,0,0,1,0,1,0,0,207.0,24,10,1,10,8,10,9,44,172,5
2026,2026-04-11,20260411HTHH0,KIA,5,6,39,36,12,2,0,10,1,0,0,0,1,2,0,0,191.1,27,10,1,3,6,5,5,39,161,4
2026,2026-04-11,20260411HTHH0,한화,5,5,39,34,10,3,0,6,1,1,1,1,1,0,0,0,241.5,27,12,0,2,10,6,6,39,144,5
2026,2026-04-11,20260411LTWO0,롯데,3,3,43,42,11,0,0,8,1,0,0,1,0,0,0,0,231.6,30,5,0,1,12,1,1,35,141,4
2026,2026-04-11,20260411LTWO0,키움,1,1,35,33,5,1,0,12,0,0,0,1,0,0,0,0,259.0,30,11,0,0,8,3,3,43,158,5
2026,2026-04-11,20260411NCSS0,NC,3,4,40,32,7,4,4,6,4,0,0,0,0,0,0,0,234.0,24,6,0,9,6,5,5,37,143,5
2026,2026-04-11,20260411NCSS0,삼성,5,5,37,28,6,7,2,6,2,0,0,0,0,2,0,0,288.9,27,7,0,8,6,4,4,40,154,6
2026,2026-04-11,20260411OBKT0,KT,5,6,37,33,10,2,0,9,2,0,1,2,0,0,0,0,159.7,27,8,0,2,9,4,4,36,129,3
2026,2026-04-11,20260411OBKT0,두산,4,4,36,33,8,1,1,9,3,0,0,0,1,1,0,0,141.2,24,10,1,2,9,6,4,37,132,3
2026,2026-04-11,20260411SKLG0,LG,4,4,35,29,7,3,2,8,2,0,0,0,1,1,0,0,242.5,27,13,1,2,8,3,3,41,152,5
2026,2026-04-11,20260411SKLG0,SSG,3,3,41,39,13,2,0,8,2,0,1,0,0,1,0,0,150.2,24,7,0,5,8,4,2,35,123,3
2026,2026-04-12,20260412HTHH0,KIA,8,9,45,39,13,3,0,8,4,0,1,2,1,0,0,0,255.5,27,8,0,4,11,3,2,38,150,5
2026,2026-04-12,20260412HTHH0,한화,3,3,38,34,8,4,0,11,1,0,0,0,0,1,0,0,412.1,27,13,1,3,8,9,8,45,167,9
2026,2026-04-12,20260412LTWO0,롯데,0,0,33,32,6,1,0,8,2,1,0,0,0,1,0,0,159.2,24,5,1,4,9,2,2,33,134,3
2026,2026-04-12,20260412LTWO0,키움,2,2,33,27,5,4,0,9,1,0,1,2,0,0,0,0,271.5,27,6,0,1,8,0,0,33,121,5
2026,2026-04-12,20260412NCSS0,NC,2,3,39,34,6,4,1,7,1,0,2,0,0,1,0,0,257.4,24,14,1,6,8,9,7,43,179,6
2026,2026-04-12,20260412NCSS0,삼성,7,9,43,36,14,5,1,8,0,1,1,0,1,0,0,0,245.5,27,6,2,5,7,3,3,39,166,5
2026,2026-04-12,20260412OBKT0,KT,5,6,34,30,8,3,0,5,3,0,0,0,1,2,0,0,265.5,27,6,0,3,9,1,1,36,152,5
2026,2026-04-12,20260412OBKT0,두산,1,1,36,33,6,3,0,9,1,1,0,0,0,0,0,0,190.6,24,8,0,3,5,6,5,34,137,4
2026,2026-04-12,20260412SKLG0,LG,8,9,43,35,9,4,2,3,2,0,0,2,0,0,0,0,209.1,27,8,0,3,4,1,1,37,136,4
2026,2026-04-12,20260412SKLG0,SSG,1,1,37,33,8,2,1,4,2,0,0,0,1,1,0,0,171.6,24,9,0,6,3,9,4,43,159,4
