연도,날짜,gameId,팀,선수명,역할,결과,투구점수,아웃수,피안타,피홈런,볼넷,삼진,실점,자책,타자수,투구수,G,page_id
2026,2026-03-28,20260328KTLG0,KT,사우어,선발,승,37.900000000000006,15,5,1,5,1,3,3,24,88,1,10000000
2026,2026-03-28,20260328KTLG0,KT,전용주,중계,nan,52.9,3,0,0,0,1,0,0,3,14,1,2488113
2026,2026-03-28,20260328KTLG0,KT,한승혁,중계,nan,37.4,2,4,0,0,1,2,2,6,20,1,606770
2026,2026-03-28,20260328KTLG0,KT,스기모토,중계,nan,35.9,1,3,0,1,1,2,2,5,24,1,10000001
2026,2026-03-28,20260328KTLG0,KT,우규민,중계,홀드,48.9,1,0,0,0,0,0,0,1,2,1,236907
2026,2026-03-28,20260328KTLG0,KT,박영현,중계,세,51.9,5,0,0,2,1,0,0,7,34,1,3198300
2026,2026-03-28,20260328KTLG0,LG,치리노스,선발,패,19.9,3,6,0,1,0,6,6,10,36,1,3925530
2026,2026-03-28,20260328KTLG0,LG,배재준,중계,nan,47.9,5,3,0,1,1,0,0,8,31,1,873442
2026,2026-03-28,20260328KTLG0,LG,이정용,중계,nan,40.9,3,2,0,2,0,1,1,7,23,1,2795411
2026,2026-03-28,20260328KTLG0,LG,함덕주,중계,nan,51.4,4,1,0,0,0,0,0,4,18,1,972917
2026,2026-03-28,20260328KTLG0,LG,김영우,중계,nan,42.9,3,3,0,0,0,1,1,6,21,1,3977599
2026,2026-03-28,20260328KTLG0,LG,백승현,중계,nan,34.9,3,3,1,0,2,3,3,6,23,1,1835342
2026,2026-03-28,20260328KTLG0,LG,우강훈,중계,nan,53.9,3,0,0,0,2,0,0,3,11,1,3697147
2026,2026-03-28,20260328KTLG0,LG,박시원,중계,nan,47.9,3,0,0,2,0,0,0,5,20,1,4073237
2026,2026-03-28,20260328HTSK0,KIA,네일,선발,nan,73.4,18,2,0,1,5,0,0,21,84,1,3751352
2026,2026-03-28,20260328HTSK0,KIA,김범수,중계,nan,32.4,0,2,0,1,0,3,2,3,17,1,1110793
2026,2026-03-28,20260328HTSK0,KIA,성영탁,중계,홀드,49.9,3,1,0,0,0,0,0,4,17,1,4036535
2026,2026-03-28,20260328HTSK0,KIA,전상현,중계,홀드,51.9,3,0,0,1,2,0,0,4,12,1,1631324
2026,2026-03-28,20260328HTSK0,KIA,정해영,중계,nan,34.9,1,2,0,1,1,3,3,4,21,1,2765633
2026,2026-03-28,20260328HTSK0,KIA,조상우,중계,패,38.4,0,1,0,2,0,1,1,3,13,1,834583
2026,2026-03-28,20260328HTSK0,SSG,화이트,선발,nan,32.400000000000006,12,9,0,2,4,5,5,23,91,1,3920646
2026,2026-03-28,20260328HTSK0,SSG,전영준,중계,nan,54.9,3,0,0,0,3,0,0,3,12,1,3226570
2026,2026-03-28,20260328HTSK0,SSG,박시후,중계,nan,53.9,3,0,0,0,2,0,0,3,12,1,3238123
2026,2026-03-28,20260328HTSK0,SSG,문승원,중계,nan,52.9,3,0,0,0,1,0,0,3,13,1,725147
2026,2026-03-28,20260328HTSK0,SSG,이로운,중계,nan,48.9,3,1,0,1,1,0,0,5,25,1,3611909
2026,2026-03-28,20260328HTSK0,SSG,김민,중계,승,44.9,3,2,0,1,2,1,1,6,21,1,1797467
2026,2026-03-28,20260328LTSS0,롯데,로드리게스,선발,승,59.900000000000006,15,2,0,5,4,0,0,22,101,1,10000002
2026,2026-03-28,20260328LTSS0,롯데,정철원,중계,홀드,53.9,3,0,0,0,2,0,0,3,14,1,3213352
2026,2026-03-28,20260328LTSS0,롯데,최준용,중계,nan,48.9,3,0,0,2,1,0,0,5,24,1,2790445
2026,2026-03-28,20260328LTSS0,롯데,쿄야마,중계,nan,45.9,3,2,0,0,1,1,0,5,23,1,10000003
2026,2026-03-28,20260328LTSS0,롯데,김원중,중계,nan,36.9,1,3,0,0,0,2,2,4,13,1,836135
2026,2026-03-28,20260328LTSS0,롯데,박정민,중계,세,48.4,2,1,0,1,2,0,0,4,15,1,10000004
2026,2026-03-28,20260328LTSS0,삼성,후라도,선발,패,49.400000000000006,18,7,1,0,2,3,3,25,91,1,3323118
2026,2026-03-28,20260328LTSS0,삼성,육선엽,중계,nan,39.9,3,1,1,1,2,2,2,5,19,1,3805547
2026,2026-03-28,20260328LTSS0,삼성,임기영,중계,nan,38.4,2,3,1,0,1,1,1,5,16,1,811244
2026,2026-03-28,20260328LTSS0,삼성,백정현,중계,nan,54.4,4,0,0,0,1,0,0,4,15,1,299512
2026,2026-03-28,20260328OBNC0,두산,플렉센,선발,패,39.400000000000006,12,2,1,6,3,3,2,21,93,1,2607969
2026,2026-03-28,20260328OBNC0,두산,박신지,중계,nan,48.4,4,0,0,2,2,1,1,6,22,1,1953587
2026,2026-03-28,20260328OBNC0,두산,이병헌,중계,nan,40.9,1,1,0,0,0,2,0,3,13,1,3280803
2026,2026-03-28,20260328OBNC0,두산,박치국,중계,nan,45.9,1,2,0,0,1,0,0,3,7,1,1747365
2026,2026-03-28,20260328OBNC0,두산,양재훈,중계,nan,53.9,3,0,0,0,2,0,0,3,16,1,4011537
2026,2026-03-28,20260328OBNC0,두산,최원준,중계,nan,50.9,3,0,0,1,1,0,0,3,15,1,1890246
2026,2026-03-28,20260328OBNC0,NC,구창모,선발,승,66.9,15,2,0,1,3,0,0,18,87,1,1222245
2026,2026-03-28,20260328OBNC0,NC,배재환,중계,홀드,49.9,3,1,0,0,0,0,0,4,14,1,1034055
2026,2026-03-28,20260328OBNC0,NC,임지민,중계,nan,51.9,3,0,0,0,0,0,0,3,9,1,3637847
2026,2026-03-28,20260328OBNC0,NC,김진호,중계,nan,50.4,2,0,0,0,0,0,0,3,16,1,1798822
2026,2026-03-28,20260328OBNC0,NC,김영규,중계,nan,48.9,1,0,0,0,0,0,0,1,5,1,2485776
2026,2026-03-28,20260328OBNC0,NC,이준혁,중계,nan,48.9,3,0,0,2,1,0,0,5,16,1,3988974
2026,2026-03-28,20260328WOHH0,키움,알칸타라,선발,nan,45.400000000000006,16,8,1,1,5,3,3,24,87,1,2301546
2026,2026-03-28,20260328WOHH0,키움,김성진,중계,홀드,46.4,4,1,0,1,0,1,1,5,16,1,2966835
2026,2026-03-28,20260328WOHH0,키움,김재웅,중계,홀드,41.9,3,1,0,2,2,2,2,6,31,1,2697426
2026,2026-03-28,20260328WOHH0,키움,배동현,중계,nan,36.4,0,2,1,0,0,1,1,2,5,1,2963428
2026,2026-03-28,20260328WOHH0,키움,박정훈,중계,nan,54.4,4,0,0,0,1,0,0,4,13,1,4011457
2026,2026-03-28,20260328WOHH0,키움,박윤성,중계,nan,52.9,3,0,0,0,1,0,0,3,10,1,3971571
2026,2026-03-28,20260328WOHH0,키움,유토,중계,패,33.4,2,4,0,0,0,3,3,6,25,1,10000005
2026,2026-03-28,20260328WOHH0,한화,에르난데스,선발,nan,43.400000000000006,14,4,0,4,3,4,4,21,94,1,10000006
2026,2026-03-28,20260328WOHH0,한화,조동욱,중계,nan,48.4,2,1,0,0,0,0,0,2,7,1,3814441
2026,2026-03-28,20260328WOHH0,한화,박준영,중계,nan,49.4,2,0,0,1,1,0,0,3,20,1,3225253
2026,2026-03-28,20260328WOHH0,한화,윤산흠,중계,nan,43.9,3,2,0,1,1,1,1,5,19,1,3069686
2026,2026-03-28,20260328WOHH0,한화,정우주,중계,nan,35.4,2,3,0,2,1,2,2,7,24,1,3976071
2026,2026-03-28,20260328WOHH0,한화,김도빈,중계,nan,49.9,1,0,0,0,1,0,0,1,5,1,3891266
2026,2026-03-28,20260328WOHH0,한화,김서현,중계,nan,50.9,3,0,0,1,1,0,0,4,14,1,3618453
2026,2026-03-28,20260328WOHH0,한화,강재민,중계,nan,41.9,5,1,0,3,1,2,2,9,39,1,2723883
2026,2026-03-28,20260328WOHH0,한화,원종혁,중계,승,46.9,1,1,0,0,0,0,0,2,8,1,9000037
2026,2026-03-29,20260329KTLG0,KT,소형준,선발,nan,34.9,9,7,0,2,1,3,3,17,83,1,2699592
2026,2026-03-29,20260329KTLG0,KT,손동현,중계,nan,37.4,2,0,0,4,1,2,2,6,30,1,2484614
2026,2026-03-29,20260329KTLG0,KT,김민수,중계,nan,55.9,7,1,0,0,0,0,0,8,33,1,1501530
2026,2026-03-29,20260329KTLG0,KT,한승혁,중계,nan,51.9,3,1,0,0,2,0,0,4,18,1,606770
2026,2026-03-29,20260329KTLG0,KT,전용주,중계,승,52.9,3,0,0,0,1,0,0,3,11,1,2488113
2026,2026-03-29,20260329KTLG0,KT,박영현,중계,세,50.9,3,1,0,0,1,0,0,4,14,1,3198300
2026,2026-03-29,20260329KTLG0,LG,임찬규,선발,nan,45.900000000000006,15,6,0,2,1,3,3,21,80,1,555207
2026,2026-03-29,20260329KTLG0,LG,김진성,중계,nan,35.9,3,2,1,1,0,2,2,5,26,1,687603
2026,2026-03-29,20260329KTLG0,LG,장현식,중계,nan,49.9,3,0,0,1,0,0,0,3,10,1,925563
2026,2026-03-29,20260329KTLG0,LG,함덕주,중계,nan,46.4,2,1,0,1,0,0,0,4,21,1,972917
2026,2026-03-29,20260329KTLG0,LG,유영찬,중계,패,45.4,4,2,0,1,1,1,1,7,26,1,3611491
2026,2026-03-29,20260329HTSK0,KIA,이의리,선발,패,31.4,6,4,0,3,1,4,4,13,52,1,2851449
2026,2026-03-29,20260329HTSK0,KIA,황동하,중계,nan,11.4,4,4,3,3,2,6,6,11,52,1,3639918
2026,2026-03-29,20260329HTSK0,KIA,홍민규,중계,nan,55.9,5,0,0,0,1,0,0,5,18,1,3988778
2026,2026-03-29,20260329HTSK0,KIA,김시훈,중계,nan,52.9,3,0,0,0,1,0,0,3,9,1,3158359
2026,2026-03-29,20260329HTSK0,KIA,최지민,중계,nan,52.9,3,0,0,0,1,0,0,3,11,1,3196605
2026,2026-03-29,20260329HTSK0,KIA,김기훈,중계,nan,45.9,3,0,0,2,1,1,1,5,23,1,2459864
2026,2026-03-29,20260329HTSK0,SSG,김건우,선발,승,51.900000000000006,15,5,0,3,4,2,2,22,95,1,2851319
2026,2026-03-29,20260329HTSK0,SSG,전영준,중계,nan,50.9,3,1,0,0,1,0,0,3,13,1,3226570
2026,2026-03-29,20260329HTSK0,SSG,김택형,중계,nan,32.4,2,1,1,2,1,3,3,5,25,1,1240604
2026,2026-03-29,20260329HTSK0,SSG,박시후,중계,nan,36.4,0,1,1,1,0,1,1,2,9,1,3238123
2026,2026-03-29,20260329HTSK0,SSG,노경은,중계,nan,51.4,4,0,0,1,0,0,0,4,13,1,316925
2026,2026-03-29,20260329HTSK0,SSG,조병현,중계,nan,50.9,3,0,0,1,1,0,0,4,18,1,3057021
2026,2026-03-29,20260329LTSS0,롯데,비슬리,선발,승,61.900000000000006,15,2,0,3,5,1,0,20,91,1,10000017
2026,2026-03-29,20260329LTSS0,롯데,쿄야마,중계,홀드,49.9,3,0,0,1,0,0,0,3,11,1,10000003
2026,2026-03-29,20260329LTSS0,롯데,정철원,중계,nan,43.9,3,2,0,1,1,1,1,6,28,1,3213352
2026,2026-03-29,20260329LTSS0,롯데,박정민,중계,nan,51.9,3,0,0,0,0,0,0,3,12,1,10000004
2026,2026-03-29,20260329LTSS0,롯데,김원중,중계,nan,49.9,3,1,0,0,0,0,0,4,15,1,836135
2026,2026-03-29,20260329LTSS0,삼성,최원태,선발,패,47.400000000000006,18,7,2,2,5,2,2,23,83,1,1499307
2026,2026-03-29,20260329LTSS0,삼성,미야지,중계,nan,40.4,2,1,0,1,0,2,2,4,15,1,10000018
2026,2026-03-29,20260329LTSS0,삼성,배찬승,중계,nan,29.4,0,2,2,0,0,2,2,2,4,1,3976074
2026,2026-03-29,20260329LTSS0,삼성,이승민,중계,nan,55.4,4,0,0,0,2,0,0,4,17,1,2724622
2026,2026-03-29,20260329LTSS0,삼성,이승현,중계,nan,47.9,3,1,0,1,0,0,0,5,19,1,719985
2026,2026-03-29,20260329OBNC0,두산,곽빈,선발,nan,36.400000000000006,12,5,2,2,5,4,4,19,75,1,1791887
2026,2026-03-29,20260329OBNC0,두산,양재훈,중계,nan,45.4,2,1,0,2,1,0,0,5,24,1,4011537
2026,2026-03-29,20260329OBNC0,두산,최지강,중계,nan,43.4,2,1,0,1,0,1,1,4,12,1,3272934
2026,2026-03-29,20260329OBNC0,두산,이병헌,중계,nan,51.4,2,0,0,0,1,0,0,2,7,1,3280803
2026,2026-03-29,20260329OBNC0,두산,타무라,중계,승,46.9,3,2,0,0,2,1,1,5,22,1,10000019
2026,2026-03-29,20260329OBNC0,두산,이용찬,중계,nan,47.4,2,1,0,1,1,0,0,4,16,1,314554
2026,2026-03-29,20260329OBNC0,두산,김택연,중계,세,55.4,4,0,0,0,2,0,0,4,19,1,3780705
2026,2026-03-29,20260329OBNC0,NC,테일러,선발,nan,57.900000000000006,15,4,0,2,6,2,2,21,97,1,10000020
2026,2026-03-29,20260329OBNC0,NC,임지민,중계,홀드,52.9,3,0,0,0,1,0,0,2,13,1,3637847
2026,2026-03-29,20260329OBNC0,NC,김영규,중계,nan,34.9,1,2,1,0,0,2,2,3,9,1,2485776
2026,2026-03-29,20260329OBNC0,NC,배재환,중계,홀드,49.4,2,0,0,1,1,0,0,3,13,1,1034055
2026,2026-03-29,20260329OBNC0,NC,김진호,중계,패,29.9,1,2,1,1,0,3,3,4,19,1,1798822
2026,2026-03-29,20260329OBNC0,NC,손주환,중계,nan,32.9,1,2,1,1,0,2,2,4,13,1,4070455
2026,2026-03-29,20260329OBNC0,NC,임정호,중계,nan,48.9,1,0,0,0,0,0,0,1,3,1,958813
2026,2026-03-29,20260329OBNC0,NC,류진욱,중계,nan,52.9,3,0,0,0,1,0,0,3,7,1,1222322
2026,2026-03-29,20260329WOHH0,키움,하영민,선발,패,26.4,6,6,1,1,3,5,2,14,48,1,1004269
2026,2026-03-29,20260329WOHH0,키움,박진형,중계,nan,39.4,4,4,0,1,2,2,2,9,30,1,1614085
2026,2026-03-29,20260329WOHH0,키움,오석주,중계,nan,41.9,5,2,0,1,2,3,2,9,38,1,2507796
2026,2026-03-29,20260329WOHH0,키움,윤석원,중계,nan,55.4,6,1,0,0,1,0,0,7,25,1,3663047
2026,2026-03-29,20260329WOHH0,키움,전준표,중계,nan,48.9,3,2,0,0,1,0,0,5,22,1,3780707
2026,2026-03-29,20260329WOHH0,한화,왕옌청,선발,승,55.400000000000006,16,4,0,2,5,3,3,22,95,1,10000021
2026,2026-03-29,20260329WOHH0,한화,김도빈,중계,홀드,50.4,2,0,0,0,0,0,0,2,5,1,3891266
2026,2026-03-29,20260329WOHH0,한화,윤산흠,중계,nan,41.9,1,1,0,1,0,1,1,3,14,1,3069686
2026,2026-03-29,20260329WOHH0,한화,조동욱,중계,nan,44.9,1,1,0,1,0,0,0,3,10,1,3814441
2026,2026-03-29,20260329WOHH0,한화,정우주,중계,nan,54.4,4,0,0,0,1,0,0,4,10,1,3976071
2026,2026-03-29,20260329WOHH0,한화,박준영,중계,nan,53.9,3,0,0,0,2,0,0,3,16,1,3225253
2026,2026-03-31,20260331HTLG0,KIA,올러,선발,승,69.4,18,3,0,1,3,0,0,21,85,1,3933076
2026,2026-03-31,20260331HTLG0,KIA,홍민규,중계,nan,37.9,3,2,0,2,0,2,2,7,24,1,3988778
2026,2026-03-31,20260331HTLG0,KIA,김범수,중계,nan,53.9,3,0,0,0,2,0,0,3,12,1,1110793
2026,2026-03-31,20260331HTLG0,KIA,성영탁,중계,nan,52.9,3,0,0,0,1,0,0,3,11,1,4036535
2026,2026-03-31,20260331HTLG0,LG,톨허스트,선발,패,20.90000000000001,9,9,1,1,5,7,7,19,78,1,4066309
2026,2026-03-31,20260331HTLG0,LG,이우찬,중계,nan,49.9,3,1,0,1,2,0,0,5,20,1,1919174
2026,2026-03-31,20260331HTLG0,LG,이정용,중계,nan,49.4,6,2,0,2,1,0,0,10,38,1,2795411
2026,2026-03-31,20260331HTLG0,LG,김영우,중계,nan,51.9,3,0,0,1,2,0,0,4,17,1,3977599
2026,2026-03-31,20260331HTLG0,LG,백승현,중계,nan,51.9,3,0,0,1,2,0,0,4,19,1,1835342
2026,2026-03-31,20260331HTLG0,LG,박시원,중계,nan,51.9,3,0,0,0,0,0,0,3,13,1,4073237
2026,2026-03-31,20260331WOSK0,키움,와일스,선발,패,51.400000000000006,18,7,1,0,4,3,2,26,93,1,10000024
2026,2026-03-31,20260331WOSK0,키움,윤석원,중계,nan,19.9,1,5,1,0,0,5,5,6,16,1,3663047
2026,2026-03-31,20260331WOSK0,키움,전준표,중계,nan,37.9,1,0,0,4,0,1,1,5,26,1,3780707
2026,2026-03-31,20260331WOSK0,키움,박진형,중계,nan,52.4,4,0,0,1,1,0,0,4,13,1,1614085
2026,2026-03-31,20260331WOSK0,SSG,베니지아노,선발,nan,54.400000000000006,16,6,0,1,3,2,2,23,86,1,10000025
2026,2026-03-31,20260331WOSK0,SSG,이로운,중계,승,51.4,2,0,0,0,1,0,0,2,10,1,3611909
2026,2026-03-31,20260331WOSK0,SSG,김민,중계,홀드,51.9,3,1,0,0,2,0,0,3,12,1,1797467
2026,2026-03-31,20260331WOSK0,SSG,이기순,중계,nan,50.9,3,0,0,1,1,0,0,4,20,1,3654508
2026,2026-03-31,20260331WOSK0,SSG,백승건,중계,nan,44.9,3,2,0,0,0,1,0,6,34,1,2514823
2026,2026-03-31,20260331OBSS0,두산,잭로그,선발,nan,63.900000000000006,21,4,1,1,5,2,2,26,84,1,3935293
2026,2026-03-31,20260331OBSS0,두산,이병헌,중계,nan,33.4,2,3,1,0,2,3,3,5,19,1,3280803
2026,2026-03-31,20260331OBSS0,두산,타무라,중계,nan,51.4,4,0,0,1,0,0,0,5,14,1,10000019
2026,2026-03-31,20260331OBSS0,두산,김택연,중계,nan,49.9,3,1,0,0,0,0,0,4,12,1,3780705
2026,2026-03-31,20260331OBSS0,두산,양재훈,중계,무,48.9,3,1,0,1,1,0,0,5,14,1,4011537
2026,2026-03-31,20260331OBSS0,삼성,오러클린,선발,nan,38.900000000000006,11,6,0,2,3,4,4,19,86,1,10000026
2026,2026-03-31,20260331OBSS0,삼성,백정현,중계,nan,48.9,1,0,0,0,0,0,0,1,3,1,299512
2026,2026-03-31,20260331OBSS0,삼성,육선엽,중계,nan,43.4,4,1,0,3,1,1,1,8,34,1,3805547
2026,2026-03-31,20260331OBSS0,삼성,장찬희,중계,nan,49.4,6,3,0,1,1,0,0,10,36,1,10000027
2026,2026-03-31,20260331OBSS0,삼성,이승현,중계,nan,50.4,2,0,0,0,0,0,0,1,1,1,719985
2026,2026-03-31,20260331OBSS0,삼성,김재윤,중계,nan,47.9,3,1,0,1,0,0,0,5,18,1,1146363
2026,2026-03-31,20260331OBSS0,삼성,최지광,중계,nan,50.9,3,1,0,0,1,0,0,4,12,1,1744591
2026,2026-03-31,20260331OBSS0,삼성,미야지,중계,무,49.9,3,0,0,1,0,0,0,4,12,1,10000018
2026,2026-03-31,20260331LTNC0,롯데,박세웅,선발,패,46.900000000000006,15,5,0,2,3,4,0,22,84,1,967170
2026,2026-03-31,20260331LTNC0,롯데,쿄야마,중계,nan,39.4,2,2,0,1,1,2,2,5,19,1,10000003
2026,2026-03-31,20260331LTNC0,롯데,윤성빈,중계,nan,41.4,2,0,0,2,1,2,2,4,18,1,1940607
2026,2026-03-31,20260331LTNC0,롯데,박준우,중계,nan,50.4,2,1,0,0,2,0,0,3,14,1,4070581
2026,2026-03-31,20260331LTNC0,롯데,이민석,중계,nan,46.9,3,0,0,2,2,1,1,5,25,1,3246699
2026,2026-03-31,20260331LTNC0,NC,토다,선발,승,53.900000000000006,15,3,0,4,4,2,2,21,79,1,10000028
2026,2026-03-31,20260331LTNC0,NC,이준혁,중계,홀드,50.9,3,1,0,0,1,0,0,4,21,1,3988974
2026,2026-03-31,20260331LTNC0,NC,김영규,중계,nan,52.9,3,0,0,1,3,0,0,4,20,1,2485776
2026,2026-03-31,20260331LTNC0,NC,신영우,중계,nan,53.9,3,0,0,0,2,0,0,3,11,1,3892639
2026,2026-03-31,20260331LTNC0,NC,원종해,중계,nan,50.9,3,1,0,0,1,0,0,5,21,1,10000029
2026,2026-03-31,20260331KTHH0,KT,보쉴리,선발,승,62.900000000000006,15,5,0,2,7,0,0,22,92,1,10000030
2026,2026-03-31,20260331KTHH0,KT,한승혁,중계,홀드,50.9,3,0,0,1,1,0,0,4,15,1,606770
2026,2026-03-31,20260331KTHH0,KT,전용주,중계,nan,47.4,2,0,0,2,1,0,0,4,16,1,2488113
2026,2026-03-31,20260331KTHH0,KT,스기모토,중계,nan,30.9,3,2,1,1,1,4,2,7,26,1,10000001
2026,2026-03-31,20260331KTHH0,KT,김민수,중계,nan,46.9,1,1,0,0,0,0,0,2,7,1,1501530
2026,2026-03-31,20260331KTHH0,KT,주권,중계,nan,50.9,3,1,0,0,1,0,0,3,11,1,1106095
2026,2026-03-31,20260331KTHH0,한화,화이트,선발,패,46.9,7,4,0,1,2,1,1,13,57,1,10000031
2026,2026-03-31,20260331KTHH0,한화,강재민,중계,nan,44.4,2,1,0,2,0,0,0,5,12,1,2723883
2026,2026-03-31,20260331KTHH0,한화,조동욱,중계,nan,52.9,3,0,0,0,1,0,0,3,10,1,3814441
2026,2026-03-31,20260331KTHH0,한화,엄상백,중계,nan,39.9,1,2,0,1,0,1,1,4,13,1,1113208
2026,2026-03-31,20260331KTHH0,한화,윤산흠,중계,nan,51.9,5,0,0,2,1,0,0,8,39,1,3069686
2026,2026-03-31,20260331KTHH0,한화,김도빈,중계,nan,36.9,3,1,0,3,2,3,3,7,33,1,3891266
2026,2026-03-31,20260331KTHH0,한화,원종혁,중계,nan,40.9,3,2,1,1,2,1,1,6,25,1,9000037
2026,2026-03-31,20260331KTHH0,한화,박준영,중계,nan,36.9,3,2,0,2,2,3,3,7,31,1,3225253
2026,2026-04-01,20260401HTLG0,KIA,양현종,선발,패,46.400000000000006,12,3,0,4,4,3,3,20,87,1,239450
2026,2026-04-01,20260401HTLG0,KIA,황동하,중계,nan,44.4,4,1,0,2,0,1,1,7,30,1,3639918
2026,2026-04-01,20260401HTLG0,KIA,최지민,중계,nan,43.4,0,1,0,1,0,0,0,2,10,1,3196605
2026,2026-04-01,20260401HTLG0,KIA,조상우,중계,nan,52.9,5,1,0,0,0,0,0,5,16,1,834583
2026,2026-04-01,20260401HTLG0,KIA,김시훈,중계,nan,33.9,3,2,0,3,1,3,3,9,32,1,3158359
2026,2026-04-01,20260401HTLG0,LG,송승기,선발,nan,53.900000000000006,13,4,1,1,4,1,1,17,82,1,3207349
2026,2026-04-01,20260401HTLG0,LG,김진성,중계,승,49.4,2,1,0,0,1,0,0,3,13,1,687603
2026,2026-04-01,20260401HTLG0,LG,장현식,중계,홀드,51.9,3,0,0,0,0,0,0,3,12,1,925563
2026,2026-04-01,20260401HTLG0,LG,함덕주,중계,홀드,51.9,3,0,0,0,0,0,0,3,16,1,972917
2026,2026-04-01,20260401HTLG0,LG,우강훈,중계,홀드,52.9,3,0,0,0,1,0,0,3,12,1,3697147
2026,2026-04-01,20260401HTLG0,LG,배재준,중계,nan,40.4,2,2,0,2,1,1,1,6,29,1,873442
2026,2026-04-01,20260401HTLG0,LG,유영찬,중계,세,48.9,1,0,0,0,0,0,0,1,1,1,3611491
2026,2026-04-01,20260401WOSK0,키움,배동현,선발,승,61.900000000000006,15,5,0,1,4,0,0,21,85,1,2963428
2026,2026-04-01,20260401WOSK0,키움,박정훈,중계,nan,40.4,0,0,0,2,0,1,1,2,9,1,4011457
2026,2026-04-01,20260401WOSK0,키움,박윤성,중계,nan,51.9,3,0,0,0,0,0,0,2,6,1,3971571
2026,2026-04-01,20260401WOSK0,키움,유토,중계,nan,49.9,3,1,0,0,0,0,0,4,18,1,10000005
2026,2026-04-01,20260401WOSK0,키움,김성진,중계,nan,52.9,3,0,0,0,1,0,0,3,11,1,2966835
2026,2026-04-01,20260401WOSK0,키움,오석주,중계,nan,38.9,1,2,0,2,1,1,1,5,26,1,2507796
2026,2026-04-01,20260401WOSK0,키움,박진형,중계,nan,50.4,2,0,0,0,0,0,0,2,6,1,1614085
2026,2026-04-01,20260401WOSK0,SSG,타케다,선발,패,38.400000000000006,14,9,0,1,5,5,5,24,90,1,10000034
2026,2026-04-01,20260401WOSK0,SSG,박시후,중계,nan,43.4,4,2,0,1,2,2,0,8,28,1,3238123
2026,2026-04-01,20260401WOSK0,SSG,문승원,중계,nan,51.9,3,0,0,0,0,0,0,3,22,1,725147
2026,2026-04-01,20260401WOSK0,SSG,이기순,중계,nan,29.4,6,4,0,4,1,4,4,14,54,1,3654508
2026,2026-04-01,20260401OBSS0,두산,최승용,선발,패,31.9,9,6,0,2,2,5,4,17,59,1,2998539
2026,2026-04-01,20260401OBSS0,두산,박신지,중계,nan,36.9,3,1,0,2,0,3,3,6,22,1,1953587
2026,2026-04-01,20260401OBSS0,두산,최원준,중계,nan,49.9,3,1,0,0,0,0,0,4,15,1,1890246
2026,2026-04-01,20260401OBSS0,두산,이용찬,중계,nan,37.9,3,2,1,0,0,2,2,5,20,1,314554
2026,2026-04-01,20260401OBSS0,두산,최지강,중계,nan,38.9,3,2,0,1,2,3,0,7,23,1,3272934
2026,2026-04-01,20260401OBSS0,두산,박치국,중계,nan,47.9,3,1,0,1,0,0,0,4,19,1,1747365
2026,2026-04-01,20260401OBSS0,삼성,양창섭,선발,승,52.900000000000006,15,6,0,1,3,2,2,22,78,1,1883147
2026,2026-04-01,20260401OBSS0,삼성,이승현,중계,nan,51.9,3,0,0,0,0,0,0,3,11,1,719985
2026,2026-04-01,20260401OBSS0,삼성,백정현,중계,nan,52.9,3,0,0,0,1,0,0,3,13,1,299512
2026,2026-04-01,20260401OBSS0,삼성,배찬승,중계,nan,51.9,3,0,0,0,0,0,0,3,7,1,3976074
2026,2026-04-01,20260401OBSS0,삼성,임기영,중계,nan,42.9,3,1,1,0,0,1,1,4,21,1,811244
2026,2026-04-01,20260401LTNC0,롯데,나균안,선발,nan,47.900000000000006,15,7,1,1,4,2,2,23,78,1,1747364
2026,2026-04-01,20260401LTNC0,롯데,박정민,중계,홀드,52.9,3,0,0,1,3,0,0,4,26,1,10000004
2026,2026-04-01,20260401LTNC0,롯데,최준용,중계,홀드,50.9,3,1,0,0,1,0,0,4,20,1,2790445
2026,2026-04-01,20260401LTNC0,롯데,정철원,중계,nan,37.9,3,2,1,0,0,2,2,5,16,1,3213352
2026,2026-04-01,20260401LTNC0,롯데,김원중,중계,패,37.9,1,1,0,3,0,1,1,5,25,1,836135
2026,2026-04-01,20260401LTNC0,NC,신민혁,선발,nan,46.900000000000006,15,5,1,3,3,2,2,22,85,1,2797886
2026,2026-04-01,20260401LTNC0,NC,임정호,중계,nan,42.4,0,0,0,1,0,1,1,1,5,1,958813
2026,2026-04-01,20260401LTNC0,NC,김진호,중계,nan,48.4,2,1,0,0,0,0,0,3,8,1,1798822
2026,2026-04-01,20260401LTNC0,NC,임지민,중계,nan,40.4,2,2,1,0,1,1,1,3,11,1,3637847
2026,2026-04-01,20260401LTNC0,NC,배재환,중계,nan,51.4,2,0,0,0,1,0,0,3,10,1,1034055
2026,2026-04-01,20260401LTNC0,NC,이준혁,중계,nan,47.9,3,0,0,2,0,0,0,5,18,1,3988974
2026,2026-04-01,20260401LTNC0,NC,류진욱,중계,승,51.9,3,0,0,0,0,0,0,3,11,1,1222322
2026,2026-04-01,20260401KTHH0,KT,고영표,선발,nan,42.900000000000006,15,7,1,2,7,4,3,26,93,1,1078061
2026,2026-04-01,20260401KTHH0,KT,손동현,중계,nan,50.9,3,1,0,0,1,0,0,4,17,1,2484614
2026,2026-04-01,20260401KTHH0,KT,한승혁,중계,홀드,41.4,2,1,0,2,0,1,0,6,19,1,606770
2026,2026-04-01,20260401KTHH0,KT,스기모토,중계,홀드,48.9,1,0,0,0,0,0,0,1,3,1,10000001
2026,2026-04-01,20260401KTHH0,KT,주권,중계,nan,33.9,1,1,0,2,0,3,3,4,15,1,1106095
2026,2026-04-01,20260401KTHH0,KT,우규민,중계,nan,27.9,1,4,1,0,0,3,3,5,17,1,236907
2026,2026-04-01,20260401KTHH0,KT,박영현,중계,승,46.9,1,0,0,1,0,0,0,2,14,1,3198300
2026,2026-04-01,20260401KTHH0,KT,김민수,중계,세,52.9,3,0,0,1,3,0,0,4,14,1,1501530
2026,2026-04-01,20260401KTHH0,한화,류현진,선발,nan,57.900000000000006,15,3,1,0,4,2,1,18,82,1,68735
2026,2026-04-01,20260401KTHH0,한화,조동욱,중계,홀드,50.4,2,0,0,0,0,0,0,2,6,1,3814441
2026,2026-04-01,20260401KTHH0,한화,박상원,중계,nan,38.9,3,2,0,1,2,3,3,6,28,1,841120
2026,2026-04-01,20260401KTHH0,한화,정우주,중계,nan,38.4,0,2,0,1,0,1,1,3,12,1,3976071
2026,2026-04-01,20260401KTHH0,한화,윤산흠,중계,nan,46.9,3,1,0,1,2,1,1,5,23,1,3069686
2026,2026-04-01,20260401KTHH0,한화,강건우,중계,nan,42.4,0,1,0,0,0,1,1,1,3,1,10000035
2026,2026-04-01,20260401KTHH0,한화,김서현,중계,nan,30.4,0,3,0,1,0,3,3,4,22,1,3618453
2026,2026-04-01,20260401KTHH0,한화,박재규,중계,nan,46.9,1,1,0,0,0,0,0,2,10,1,10000036
2026,2026-04-01,20260401KTHH0,한화,김도빈,중계,패,35.9,3,1,0,3,1,3,3,7,34,1,3891266
2026,2026-04-02,20260402HTLG0,KIA,김태형,선발,패,55.900000000000006,15,3,0,3,4,2,2,21,81,1,4072789
2026,2026-04-02,20260402HTLG0,KIA,성영탁,중계,nan,49.9,3,1,0,0,0,0,0,4,12,1,4036535
2026,2026-04-02,20260402HTLG0,KIA,전상현,중계,nan,50.9,3,1,0,0,1,0,0,4,9,1,1631324
2026,2026-04-02,20260402HTLG0,KIA,정해영,중계,nan,47.9,3,0,0,2,0,0,0,5,13,1,2765633
2026,2026-04-02,20260402HTLG0,LG,웰스,선발,승,59.400000000000006,18,7,0,0,2,1,1,25,83,1,4019624
2026,2026-04-02,20260402HTLG0,LG,장현식,중계,홀드,51.9,3,0,0,0,0,0,0,3,9,1,925563
2026,2026-04-02,20260402HTLG0,LG,우강훈,중계,홀드,52.9,3,0,0,0,1,0,0,3,11,1,3697147
2026,2026-04-02,20260402HTLG0,LG,유영찬,중계,세,48.9,3,0,0,2,1,0,0,5,21,1,3611491
2026,2026-04-02,20260402WOSK0,키움,정현우,선발,패,34.900000000000006,15,5,1,3,3,6,6,22,84,1,3977517
2026,2026-04-02,20260402WOSK0,키움,정세영,중계,nan,26.9,9,7,1,1,1,5,5,17,54,1,9000031
2026,2026-04-02,20260402WOSK0,SSG,최민준,선발,승,66.9,15,1,0,3,5,0,0,18,81,1,2011758
2026,2026-04-02,20260402WOSK0,SSG,전영준,중계,nan,50.9,3,0,0,1,1,0,0,3,12,1,3226570
2026,2026-04-02,20260402WOSK0,SSG,백승건,중계,nan,46.9,3,2,0,1,1,0,0,6,28,1,2514823
2026,2026-04-02,20260402WOSK0,SSG,한두솔,중계,nan,47.4,6,4,0,0,2,1,1,10,36,1,3213242
2026,2026-04-02,20260402OBSS0,두산,최민석,선발,nan,61.400000000000006,18,2,0,5,4,1,0,25,88,1,4000964
2026,2026-04-02,20260402OBSS0,두산,이병헌,중계,nan,52.9,3,0,0,0,1,0,0,3,14,1,3280803
2026,2026-04-02,20260402OBSS0,두산,타무라,중계,패,28.9,3,4,1,0,1,4,4,7,24,1,10000019
2026,2026-04-02,20260402OBSS0,삼성,이승현,선발,nan,61.900000000000006,15,2,0,3,5,1,1,20,79,1,2851752
2026,2026-04-02,20260402OBSS0,삼성,미야지,중계,nan,52.9,3,0,0,0,1,0,0,3,12,1,10000018
2026,2026-04-02,20260402OBSS0,삼성,이승민,중계,nan,52.9,3,0,0,0,1,0,0,3,14,1,2724622
2026,2026-04-02,20260402OBSS0,삼성,최지광,중계,승,49.9,3,1,0,0,0,0,0,4,8,1,1744591
2026,2026-04-02,20260402OBSS0,삼성,김재윤,중계,nan,43.9,3,1,1,0,1,1,1,4,9,1,1146363
2026,2026-04-02,20260402LTNC0,롯데,김진욱,선발,nan,51.400000000000006,14,4,0,2,4,3,3,20,98,1,2865932
2026,2026-04-02,20260402LTNC0,롯데,쿄야마,중계,패,45.4,4,3,0,0,1,1,1,7,24,1,10000003
2026,2026-04-02,20260402LTNC0,롯데,이민석,중계,nan,38.9,1,1,0,1,0,2,2,3,14,1,3246699
2026,2026-04-02,20260402LTNC0,롯데,김강현,중계,nan,42.9,5,2,0,2,2,2,2,8,34,1,2828124
2026,2026-04-02,20260402LTNC0,NC,버하겐,선발,nan,51.9,9,3,0,1,2,1,1,13,52,1,10000037
2026,2026-04-02,20260402LTNC0,NC,신영우,중계,승,40.4,6,1,1,2,0,2,2,8,24,1,3892639
2026,2026-04-02,20260402LTNC0,NC,원종해,중계,홀드,52.9,3,0,0,0,1,0,0,3,16,1,10000029
2026,2026-04-02,20260402LTNC0,NC,배재환,중계,홀드,49.9,3,0,0,1,0,0,0,3,12,1,1034055
2026,2026-04-02,20260402LTNC0,NC,김영규,중계,nan,45.9,3,2,0,0,1,1,1,5,16,1,2485776
2026,2026-04-02,20260402LTNC0,NC,류진욱,중계,nan,51.9,3,0,0,0,0,0,0,3,9,1,1222322
2026,2026-04-02,20260402KTHH0,KT,오원석,선발,승,70.4,18,4,0,0,7,1,1,22,82,1,2828629
2026,2026-04-02,20260402KTHH0,KT,손동현,중계,nan,40.9,3,2,1,0,0,1,1,5,17,1,2484614
2026,2026-04-02,20260402KTHH0,KT,박지훈,중계,nan,18.4,2,2,1,4,2,6,6,8,37,1,10000038
2026,2026-04-02,20260402KTHH0,KT,우규민,중계,nan,43.4,0,2,0,0,0,0,0,2,11,1,236907
2026,2026-04-02,20260402KTHH0,KT,스기모토,중계,nan,55.4,4,0,0,0,2,0,0,4,19,1,10000001
2026,2026-04-02,20260402KTHH0,한화,문동주,선발,패,31.40000000000001,12,7,1,2,3,5,5,21,70,1,3057205
2026,2026-04-02,20260402KTHH0,한화,김종수,중계,nan,47.4,4,1,0,2,3,1,1,7,37,1,2094541
2026,2026-04-02,20260402KTHH0,한화,원종혁,중계,nan,20.4,0,4,0,2,0,5,4,7,27,1,9000037
2026,2026-04-02,20260402KTHH0,한화,강건우,중계,nan,40.900000000000006,11,7,1,2,5,2,2,21,72,1,10000035
2026,2026-04-03,20260403HHOB0,한화,에르난데스,선발,승,49.400000000000006,16,5,0,3,3,3,3,23,95,1,10000006
2026,2026-04-03,20260403HHOB0,한화,박상원,중계,nan,42.9,1,1,0,1,1,1,1,3,11,1,841120
2026,2026-04-03,20260403HHOB0,한화,조동욱,중계,홀드,46.9,1,1,0,0,0,0,0,2,6,1,3814441
2026,2026-04-03,20260403HHOB0,한화,박준영,중계,nan,39.9,1,2,0,1,0,1,0,4,13,1,3225253
2026,2026-04-03,20260403HHOB0,한화,정우주,중계,nan,52.9,3,0,0,1,3,0,0,4,22,1,3976071
2026,2026-04-03,20260403HHOB0,한화,윤산흠,중계,nan,43.4,2,1,0,1,0,1,1,3,13,1,3069686
2026,2026-04-03,20260403HHOB0,한화,김서현,중계,nan,48.9,3,0,0,2,1,0,0,5,26,1,3618453
2026,2026-04-03,20260403HHOB0,두산,플렉센,선발,패,44.9,3,0,0,2,0,1,1,5,18,1,2607969
2026,2026-04-03,20260403HHOB0,두산,양재훈,중계,nan,36.4,6,2,0,4,1,3,1,12,51,1,4011537
2026,2026-04-03,20260403HHOB0,두산,박신지,중계,nan,36.9,9,4,1,2,1,3,3,14,41,1,1953587
2026,2026-04-03,20260403HHOB0,두산,최지강,중계,nan,26.9,1,5,0,0,0,4,4,6,18,1,3272934
2026,2026-04-03,20260403HHOB0,두산,윤태호,중계,nan,51.9,5,2,0,0,1,0,0,7,28,1,4078875
2026,2026-04-03,20260403HHOB0,두산,이용찬,중계,nan,51.9,3,0,0,0,0,0,0,3,7,1,314554
2026,2026-04-03,20260403SKLT0,SSG,화이트,선발,승,56.900000000000006,21,6,0,4,4,2,2,30,101,1,3920646
2026,2026-04-03,20260403SKLT0,SSG,박시후,중계,nan,53.4,6,1,0,1,1,0,0,8,28,1,3238123
2026,2026-04-03,20260403SKLT0,롯데,로드리게스,선발,패,3.4000000000000057,12,9,2,6,0,8,8,25,90,1,10000002
2026,2026-04-03,20260403SKLT0,롯데,이민석,중계,nan,32.9,9,5,1,2,2,4,4,16,60,1,3246699
2026,2026-04-03,20260403SKLT0,롯데,신동건,중계,nan,36.9,3,1,0,4,1,2,2,8,33,1,10000039
2026,2026-04-03,20260403SKLT0,롯데,윤성빈,중계,nan,34.9,3,3,0,1,0,3,3,7,26,1,1940607
2026,2026-04-03,20260403SSKT0,삼성,후라도,선발,승,59.400000000000006,18,5,1,1,4,1,1,24,101,1,3323118
2026,2026-04-03,20260403SSKT0,삼성,백정현,중계,홀드,51.9,3,0,0,0,0,0,0,3,11,1,299512
2026,2026-04-03,20260403SSKT0,삼성,배찬승,중계,홀드,48.9,3,2,0,0,1,0,0,4,17,1,3976074
2026,2026-04-03,20260403SSKT0,삼성,김재윤,중계,세,50.9,3,0,0,1,1,0,0,3,16,1,1146363
2026,2026-04-03,20260403SSKT0,KT,사우어,선발,패,57.400000000000006,18,5,0,2,3,2,2,25,94,1,10000000
2026,2026-04-03,20260403SSKT0,KT,김민수,중계,nan,51.9,3,0,0,0,0,0,0,3,7,1,1501530
2026,2026-04-03,20260403SSKT0,KT,전용주,중계,nan,49.9,3,1,0,0,0,0,0,4,9,1,2488113
2026,2026-04-03,20260403SSKT0,KT,한승혁,중계,nan,48.9,3,1,0,1,1,0,0,5,19,1,606770
2026,2026-04-03,20260403NCHT0,NC,구창모,선발,승,72.4,18,1,0,3,6,0,0,22,78,1,1222245
2026,2026-04-03,20260403NCHT0,NC,김진호,중계,홀드,52.9,3,0,0,0,1,0,0,3,15,1,1798822
2026,2026-04-03,20260403NCHT0,NC,김영규,중계,nan,36.4,2,2,1,0,0,2,2,4,21,1,2485776
2026,2026-04-03,20260403NCHT0,NC,임지민,중계,세,53.4,4,0,0,1,2,0,0,5,20,1,3637847
2026,2026-04-03,20260403NCHT0,KIA,네일,선발,패,52.900000000000006,15,3,0,5,5,2,2,21,97,1,3751352
2026,2026-04-03,20260403NCHT0,KIA,홍민규,중계,nan,51.9,3,1,0,0,2,0,0,4,19,1,3988778
2026,2026-04-03,20260403NCHT0,KIA,최지민,중계,nan,50.9,3,0,0,1,1,0,0,4,19,1,3196605
2026,2026-04-03,20260403NCHT0,KIA,조상우,중계,nan,39.9,3,3,0,0,0,2,1,5,20,1,834583
2026,2026-04-03,20260403NCHT0,KIA,이태양,중계,nan,43.9,3,1,0,2,1,1,1,6,25,1,419526
2026,2026-04-03,20260403LGWO0,LG,치리노스,선발,패,43.900000000000006,15,9,0,1,6,4,4,24,89,1,3925530
2026,2026-04-03,20260403LGWO0,LG,이정용,중계,nan,46.4,2,1,0,0,1,1,1,3,12,1,2795411
2026,2026-04-03,20260403LGWO0,LG,이우찬,중계,nan,46.9,1,1,0,0,0,0,0,2,3,1,1919174
2026,2026-04-03,20260403LGWO0,LG,배재준,중계,nan,47.9,3,0,0,2,0,0,0,4,15,1,873442
2026,2026-04-03,20260403LGWO0,LG,백승현,중계,nan,53.9,3,0,0,0,2,0,0,3,16,1,1835342
2026,2026-04-03,20260403LGWO0,키움,알칸타라,선발,승,61.900000000000006,19,6,1,1,7,1,1,26,98,1,2301546
2026,2026-04-03,20260403LGWO0,키움,유토,중계,nan,39.9,1,3,0,0,0,1,1,4,17,1,10000005
2026,2026-04-03,20260403LGWO0,키움,박윤성,중계,홀드,48.9,1,0,0,0,0,0,0,1,1,1,3971571
2026,2026-04-03,20260403LGWO0,키움,김성진,중계,홀드,49.9,3,1,0,1,2,0,0,5,20,1,2966835
2026,2026-04-03,20260403LGWO0,키움,김재웅,중계,세,52.9,3,0,0,0,1,0,0,3,20,1,2697426
2026,2026-04-04,20260404HHOB0,한화,왕옌청,선발,승,56.900000000000006,19,5,0,2,4,3,0,25,85,1,10000021
2026,2026-04-04,20260404HHOB0,한화,김종수,중계,nan,51.4,2,0,0,0,1,0,0,2,7,1,2094541
2026,2026-04-04,20260404HHOB0,한화,박상원,중계,nan,50.9,3,1,0,0,1,0,0,4,18,1,841120
2026,2026-04-04,20260404HHOB0,한화,박준영,중계,nan,44.9,1,2,0,0,0,0,0,3,8,1,3225253
2026,2026-04-04,20260404HHOB0,한화,조동욱,중계,nan,51.4,2,0,0,0,1,0,0,2,8,1,3814441
2026,2026-04-04,20260404HHOB0,두산,곽빈,선발,패,30.40000000000001,14,7,0,5,4,6,3,26,96,1,1791887
2026,2026-04-04,20260404HHOB0,두산,박치국,중계,nan,46.9,1,0,0,1,0,0,0,2,9,1,1747365
2026,2026-04-04,20260404HHOB0,두산,타무라,중계,nan,35.4,2,4,0,0,2,3,3,6,28,1,10000019
2026,2026-04-04,20260404HHOB0,두산,이용찬,중계,nan,54.4,4,1,0,0,3,0,0,5,19,1,314554
2026,2026-04-04,20260404HHOB0,두산,김정우,중계,nan,48.9,3,1,0,1,1,0,0,5,17,1,1797508
2026,2026-04-04,20260404HHOB0,두산,박정수,중계,nan,49.9,3,0,0,1,0,0,0,3,10,1,1591976
2026,2026-04-04,20260404SKLT0,SSG,김건우,선발,nan,25.4,4,3,1,3,0,4,4,9,38,1,2851319
2026,2026-04-04,20260404SKLT0,SSG,전영준,중계,nan,42.9,5,1,1,1,2,2,2,7,26,1,3226570
2026,2026-04-04,20260404SKLT0,SSG,문승원,중계,nan,50.9,5,1,0,1,0,0,0,7,30,1,725147
2026,2026-04-04,20260404SKLT0,SSG,김민,중계,nan,48.9,3,0,0,2,1,0,0,5,20,1,1797467
2026,2026-04-04,20260404SKLT0,SSG,노경은,중계,승,51.4,4,1,0,1,2,0,0,6,30,1,316925
2026,2026-04-04,20260404SKLT0,SSG,이로운,중계,홀드,51.9,3,0,0,0,0,0,0,3,7,1,3611909
2026,2026-04-04,20260404SKLT0,SSG,조병현,중계,세,48.9,3,1,0,1,1,0,0,5,20,1,3057021
2026,2026-04-04,20260404SKLT0,롯데,비슬리,선발,nan,25.40000000000001,12,10,0,3,4,6,6,25,95,1,10000017
2026,2026-04-04,20260404SKLT0,롯데,쿄야마,중계,nan,50.9,5,1,0,2,2,0,0,8,34,1,10000003
2026,2026-04-04,20260404SKLT0,롯데,정철원,중계,패,43.9,3,3,0,0,1,1,1,6,19,1,3213352
2026,2026-04-04,20260404SKLT0,롯데,박정민,중계,nan,53.4,4,0,0,0,0,0,0,4,11,1,10000004
2026,2026-04-04,20260404SKLT0,롯데,최준용,중계,nan,52.9,3,0,0,0,1,0,0,3,10,1,2790445
2026,2026-04-04,20260404SSKT0,삼성,최원태,선발,nan,40.900000000000006,15,7,0,4,8,5,5,24,92,1,1499307
2026,2026-04-04,20260404SSKT0,삼성,이승민,중계,홀드,49.4,2,1,0,0,1,0,0,3,12,1,2724622
2026,2026-04-04,20260404SSKT0,삼성,미야지,중계,nan,41.9,3,1,1,1,1,1,1,5,23,1,10000018
2026,2026-04-04,20260404SSKT0,삼성,이승현,중계,승,55.4,4,0,0,0,2,0,0,4,12,1,719985
2026,2026-04-04,20260404SSKT0,삼성,최지광,중계,세,48.9,3,2,0,0,1,0,0,5,12,1,1744591
2026,2026-04-04,20260404SSKT0,KT,소형준,선발,nan,35.400000000000006,18,9,2,1,7,6,6,28,94,1,2699592
2026,2026-04-04,20260404SSKT0,KT,전용주,중계,패,44.9,3,2,0,0,0,1,1,5,16,1,2488113
2026,2026-04-04,20260404SSKT0,KT,스기모토,중계,nan,45.9,3,2,0,0,1,1,1,5,13,1,10000001
2026,2026-04-04,20260404SSKT0,KT,손동현,중계,nan,50.9,3,1,0,0,1,0,0,4,13,1,2484614
2026,2026-04-04,20260404NCHT0,NC,테일러,선발,승,57.900000000000006,15,3,0,5,4,0,0,21,94,1,10000020
2026,2026-04-04,20260404NCHT0,NC,배재환,중계,nan,44.9,1,1,0,1,0,0,0,3,13,1,1034055
2026,2026-04-04,20260404NCHT0,NC,임지민,중계,nan,50.4,2,0,0,0,0,0,0,2,5,1,3637847
2026,2026-04-04,20260404NCHT0,NC,신영우,중계,nan,53.9,3,0,0,0,2,0,0,3,13,1,3892639
2026,2026-04-04,20260404NCHT0,NC,이준혁,중계,nan,52.9,3,0,0,0,1,0,0,3,11,1,3988974
2026,2026-04-04,20260404NCHT0,NC,목지훈,중계,nan,49.9,3,1,0,0,0,0,0,4,10,1,3892643
2026,2026-04-04,20260404NCHT0,KIA,이의리,선발,패,27.40000000000001,8,4,2,6,5,3,3,18,76,1,2851449
2026,2026-04-04,20260404NCHT0,KIA,황동하,중계,nan,47.400000000000006,10,4,1,0,3,2,2,14,63,1,3639918
2026,2026-04-04,20260404NCHT0,KIA,홍민규,중계,nan,42.4,2,1,0,2,1,1,1,5,25,1,3988778
2026,2026-04-04,20260404NCHT0,KIA,김범수,중계,nan,46.9,1,0,0,1,0,0,0,2,7,1,1110793
2026,2026-04-04,20260404NCHT0,KIA,이태양,중계,nan,54.4,6,1,0,0,0,0,0,7,29,1,419526
2026,2026-04-04,20260404LGWO0,LG,임찬규,선발,nan,40.900000000000006,15,9,0,1,3,4,3,25,99,1,555207
2026,2026-04-04,20260404LGWO0,LG,김영우,중계,nan,53.9,3,0,0,0,2,0,0,3,10,1,3977599
2026,2026-04-04,20260404LGWO0,LG,이우찬,중계,nan,48.4,2,1,0,0,0,0,0,3,13,1,1919174
2026,2026-04-04,20260404LGWO0,LG,배재준,중계,승,48.9,1,0,0,0,0,0,0,1,5,1,873442
2026,2026-04-04,20260404LGWO0,LG,우강훈,중계,홀드,52.9,3,0,0,1,3,0,0,4,20,1,3697147
2026,2026-04-04,20260404LGWO0,LG,유영찬,중계,세,51.9,3,0,0,0,0,0,0,3,13,1,3611491
2026,2026-04-04,20260404LGWO0,키움,하영민,선발,nan,48.900000000000006,15,4,1,5,4,1,1,23,105,1,1004269
2026,2026-04-04,20260404LGWO0,키움,박정훈,중계,홀드,52.9,3,0,0,0,1,0,0,3,10,1,4011457
2026,2026-04-04,20260404LGWO0,키움,유토,중계,홀드,51.9,3,0,0,0,0,0,0,3,24,1,10000005
2026,2026-04-04,20260404LGWO0,키움,김성진,중계,nan,38.4,2,1,0,2,0,2,2,4,27,1,2966835
2026,2026-04-04,20260404LGWO0,키움,박윤성,중계,패,33.4,0,2,0,2,0,2,2,4,14,1,3971571
2026,2026-04-04,20260404LGWO0,키움,박진형,중계,nan,43.4,4,2,1,0,1,1,1,6,21,1,1614085
2026,2026-04-05,20260405HHOB0,한화,황준서,선발,패,57.900000000000006,13,3,0,2,7,2,2,18,71,1,3784562
2026,2026-04-05,20260405HHOB0,한화,윤산흠,중계,nan,41.4,2,1,1,0,0,1,1,3,7,1,3069686
2026,2026-04-05,20260405HHOB0,한화,김종수,중계,nan,52.9,3,0,0,0,1,0,0,3,10,1,2094541
2026,2026-04-05,20260405HHOB0,한화,김범준,중계,nan,43.4,2,2,0,0,0,1,1,4,14,1,10000041
2026,2026-04-05,20260405HHOB0,한화,김도빈,중계,nan,31.9,3,1,0,4,2,4,4,8,35,1,3891266
2026,2026-04-05,20260405HHOB0,한화,정우주,중계,nan,44.9,1,1,0,1,0,0,0,3,10,1,3976071
2026,2026-04-05,20260405HHOB0,두산,잭로그,선발,승,68.4,18,4,0,2,6,0,0,24,93,1,3935293
2026,2026-04-05,20260405HHOB0,두산,박치국,중계,nan,44.9,1,1,0,1,0,0,0,3,17,1,1747365
2026,2026-04-05,20260405HHOB0,두산,이병헌,중계,홀드,55.9,5,0,0,0,1,0,0,5,17,1,3280803
2026,2026-04-05,20260405HHOB0,두산,김택연,중계,nan,50.9,3,0,0,1,1,0,0,4,17,1,3780705
2026,2026-04-05,20260405SKLT0,SSG,베니지아노,선발,nan,40.900000000000006,15,8,1,2,4,3,3,24,90,1,10000025
2026,2026-04-05,20260405SKLT0,SSG,전영준,중계,nan,52.9,3,0,0,0,1,0,0,3,14,1,3226570
2026,2026-04-05,20260405SKLT0,SSG,이로운,중계,nan,49.9,3,0,0,1,0,0,0,4,21,1,3611909
2026,2026-04-05,20260405SKLT0,SSG,김민,중계,승,49.9,3,1,0,0,0,0,0,4,12,1,1797467
2026,2026-04-05,20260405SKLT0,SSG,조병현,중계,세,49.9,3,1,0,0,0,0,0,4,16,1,3057021
2026,2026-04-05,20260405SKLT0,롯데,박세웅,선발,nan,41.900000000000006,15,6,0,5,3,3,3,26,92,1,967170
2026,2026-04-05,20260405SKLT0,롯데,박정민,중계,nan,46.9,3,0,0,3,1,0,0,5,23,1,10000004
2026,2026-04-05,20260405SKLT0,롯데,김원중,중계,nan,52.9,3,0,0,0,1,0,0,3,14,1,836135
2026,2026-04-05,20260405SKLT0,롯데,정철원,중계,nan,49.9,3,0,0,1,0,0,0,3,16,1,3213352
2026,2026-04-05,20260405SKLT0,롯데,최준용,중계,패,43.9,3,1,0,2,1,1,1,6,23,1,2790445
2026,2026-04-05,20260405SSKT0,삼성,오러클린,선발,패,59.400000000000006,18,5,0,2,5,2,2,24,93,1,10000026
2026,2026-04-05,20260405SSKT0,삼성,이승민,중계,nan,51.9,3,0,0,0,0,0,0,3,9,1,2724622
2026,2026-04-05,20260405SSKT0,삼성,이승현,중계,nan,49.4,2,1,0,0,1,0,0,3,16,1,719985
2026,2026-04-05,20260405SSKT0,삼성,배찬승,중계,nan,46.9,1,0,0,1,0,0,0,2,7,1,3976074
2026,2026-04-05,20260405SSKT0,KT,보쉴리,선발,승,62.400000000000006,18,5,0,2,2,0,0,23,92,1,10000030
2026,2026-04-05,20260405SSKT0,KT,김민수,중계,홀드,50.9,3,1,0,0,1,0,0,4,14,1,1501530
2026,2026-04-05,20260405SSKT0,KT,한승혁,중계,홀드,50.9,3,0,0,1,1,0,0,4,18,1,606770
2026,2026-04-05,20260405SSKT0,KT,박영현,중계,세,51.9,3,0,0,0,0,0,0,3,10,1,3198300
2026,2026-04-05,20260405NCHT0,NC,토다,선발,패,56.400000000000006,18,6,0,1,2,2,2,24,79,1,10000028
2026,2026-04-05,20260405NCHT0,NC,원종해,중계,nan,51.9,3,0,0,0,0,0,0,3,9,1,10000029
2026,2026-04-05,20260405NCHT0,NC,김영규,중계,nan,44.9,3,1,0,1,0,1,1,5,11,1,2485776
2026,2026-04-05,20260405NCHT0,KIA,올러,선발,승,77.9,21,3,0,0,5,0,0,25,92,1,3933076
2026,2026-04-05,20260405NCHT0,KIA,전상현,중계,홀드,48.4,2,1,0,0,0,0,0,3,10,1,1631324
2026,2026-04-05,20260405NCHT0,KIA,김범수,중계,홀드,49.9,1,0,0,0,1,0,0,1,4,1,1110793
2026,2026-04-05,20260405NCHT0,KIA,정해영,중계,세,51.9,3,0,0,0,0,0,0,3,11,1,2765633
2026,2026-04-05,20260405LGWO0,LG,톨허스트,선발,승,64.4,18,2,1,3,7,1,1,24,91,1,4066309
2026,2026-04-05,20260405LGWO0,LG,장현식,중계,홀드,48.9,3,2,0,0,1,0,0,5,22,1,925563
2026,2026-04-05,20260405LGWO0,LG,김진성,중계,홀드,49.9,3,1,0,0,0,0,0,3,10,1,687603
2026,2026-04-05,20260405LGWO0,LG,함덕주,중계,nan,23.4,0,4,1,0,0,4,4,4,15,1,972917
2026,2026-04-05,20260405LGWO0,LG,유영찬,중계,세,48.9,3,0,0,2,1,0,0,4,18,1,3611491
2026,2026-04-05,20260405LGWO0,키움,와일스,선발,패,40.900000000000006,15,8,0,3,5,4,4,26,94,1,10000024
2026,2026-04-05,20260405LGWO0,키움,오석주,중계,nan,50.9,3,0,0,1,1,0,0,4,20,1,2507796
2026,2026-04-05,20260405LGWO0,키움,전준표,중계,nan,50.9,3,1,0,0,1,0,0,4,22,1,3780707
2026,2026-04-05,20260405LGWO0,키움,박정훈,중계,nan,45.9,3,2,0,1,0,0,0,5,17,1,4011457
2026,2026-04-05,20260405LGWO0,키움,정다훈,중계,nan,33.9,3,4,1,0,0,2,2,7,18,1,10000042
2026,2026-04-07,20260407WOOB0,키움,배동현,선발,승,55.400000000000006,16,5,0,2,4,2,2,23,85,1,2963428
2026,2026-04-07,20260407WOOB0,키움,유토,중계,홀드,51.4,2,0,0,0,1,0,0,2,5,1,10000005
2026,2026-04-07,20260407WOOB0,키움,박정훈,중계,홀드,49.9,3,0,0,2,2,0,0,5,26,1,4011457
2026,2026-04-07,20260407WOOB0,키움,김성진,중계,홀드,50.9,3,1,0,0,1,0,0,4,15,1,2966835
2026,2026-04-07,20260407WOOB0,키움,김재웅,중계,세,49.9,3,0,0,1,0,0,0,4,14,1,2697426
2026,2026-04-07,20260407WOOB0,두산,최승용,선발,nan,58.900000000000006,15,3,0,2,5,2,1,20,84,1,2998539
2026,2026-04-07,20260407WOOB0,두산,양재훈,중계,패,48.9,3,1,0,1,4,1,1,6,33,1,4011537
2026,2026-04-07,20260407WOOB0,두산,이용찬,중계,nan,37.4,0,2,0,0,0,2,2,2,9,1,314554
2026,2026-04-07,20260407WOOB0,두산,이병헌,중계,nan,48.9,3,1,0,1,1,0,0,5,24,1,3280803
2026,2026-04-07,20260407WOOB0,두산,박신지,중계,nan,53.9,3,0,0,0,2,0,0,3,11,1,1953587
2026,2026-04-07,20260407WOOB0,두산,윤태호,중계,nan,49.9,3,0,0,1,0,0,0,4,18,1,4078875
2026,2026-04-07,20260407HHSK0,한화,류현진,선발,승,62.400000000000006,18,4,1,2,10,2,2,23,93,1,68735
2026,2026-04-07,20260407HHSK0,한화,박상원,중계,홀드,51.9,3,0,0,1,2,0,0,4,18,1,841120
2026,2026-04-07,20260407HHSK0,한화,정우주,중계,홀드,52.9,3,0,0,0,1,0,0,3,18,1,3976071
2026,2026-04-07,20260407HHSK0,한화,김서현,중계,nan,50.9,3,0,0,1,1,0,0,4,15,1,3618453
2026,2026-04-07,20260407HHSK0,SSG,타케다,선발,패,34.9,9,4,0,4,2,4,4,17,71,1,10000034
2026,2026-04-07,20260407HHSK0,SSG,박시후,중계,nan,53.9,5,1,0,0,1,0,0,6,17,1,3238123
2026,2026-04-07,20260407HHSK0,SSG,문승원,중계,nan,48.4,4,1,0,2,1,0,0,7,26,1,725147
2026,2026-04-07,20260407HHSK0,SSG,전영준,중계,nan,58.4,6,1,0,0,4,0,0,7,27,1,3226570
2026,2026-04-07,20260407HHSK0,SSG,한두솔,중계,nan,40.9,3,1,0,2,1,2,2,6,18,1,3213242
2026,2026-04-07,20260407KTLT0,KT,고영표,선발,승,59.900000000000006,15,6,0,2,9,1,1,22,87,1,1078061
2026,2026-04-07,20260407KTLT0,KT,김민수,중계,홀드,50.9,3,1,0,0,1,0,0,4,17,1,1501530
2026,2026-04-07,20260407KTLT0,KT,스기모토,중계,nan,48.9,3,1,0,1,1,0,0,5,16,1,10000001
2026,2026-04-07,20260407KTLT0,KT,한승혁,중계,nan,48.4,2,0,0,1,0,0,0,4,15,1,606770
2026,2026-04-07,20260407KTLT0,KT,박영현,중계,세,43.4,4,3,0,0,2,2,2,7,27,1,3198300
2026,2026-04-07,20260407KTLT0,롯데,나균안,선발,패,53.400000000000006,12,2,0,4,6,2,0,19,90,1,1747364
2026,2026-04-07,20260407KTLT0,롯데,김원중,중계,nan,42.9,3,2,0,1,0,1,1,6,19,1,836135
2026,2026-04-07,20260407KTLT0,롯데,쿄야마,중계,nan,43.9,3,0,0,2,2,2,2,5,28,1,10000003
2026,2026-04-07,20260407KTLT0,롯데,정현수,중계,nan,49.9,1,0,0,0,1,0,0,1,4,1,3795035
2026,2026-04-07,20260407KTLT0,롯데,윤성빈,중계,nan,46.4,2,1,0,1,0,0,0,4,14,1,1940607
2026,2026-04-07,20260407KTLT0,롯데,최이준,중계,nan,50.9,3,1,0,0,1,0,0,4,26,1,1971721
2026,2026-04-07,20260407KTLT0,롯데,최충연,중계,nan,37.9,3,3,0,1,0,2,2,7,28,1,1466893
2026,2026-04-07,20260407LGNC0,LG,송승기,선발,승,61.900000000000006,15,4,0,2,4,0,0,21,83,1,3207349
2026,2026-04-07,20260407LGNC0,LG,김진성,중계,홀드,49.9,3,2,0,0,2,0,0,5,17,1,687603
2026,2026-04-07,20260407LGNC0,LG,장현식,중계,홀드,50.9,3,1,0,0,1,0,0,4,17,1,925563
2026,2026-04-07,20260407LGNC0,LG,우강훈,중계,홀드,49.9,3,1,0,1,2,0,0,5,27,1,3697147
2026,2026-04-07,20260407LGNC0,LG,유영찬,중계,세,49.9,3,1,0,0,0,0,0,4,16,1,3611491
2026,2026-04-07,20260407LGNC0,NC,버하겐,선발,nan,65.9,15,3,0,1,4,0,0,20,79,1,10000037
2026,2026-04-07,20260407LGNC0,NC,신영우,중계,패,37.4,0,0,0,2,0,2,2,2,10,1,3892639
2026,2026-04-07,20260407LGNC0,NC,김영규,중계,nan,45.4,0,1,0,0,0,0,0,1,3,1,2485776
2026,2026-04-07,20260407LGNC0,NC,임지민,중계,nan,51.9,3,1,0,0,2,0,0,4,18,1,3637847
2026,2026-04-07,20260407LGNC0,NC,이준혁,중계,nan,44.4,2,1,0,2,0,0,0,5,21,1,3988974
2026,2026-04-07,20260407LGNC0,NC,원종해,중계,nan,54.4,4,0,0,0,1,0,0,4,16,1,10000029
2026,2026-04-07,20260407LGNC0,NC,목지훈,중계,nan,54.9,3,0,0,0,3,0,0,3,12,1,3892643
2026,2026-04-07,20260407SSHT0,삼성,양창섭,선발,nan,50.900000000000006,15,5,0,3,6,3,3,22,89,1,1883147
2026,2026-04-07,20260407SSHT0,삼성,이승민,중계,nan,48.9,3,0,0,2,1,0,0,5,24,1,2724622
2026,2026-04-07,20260407SSHT0,삼성,장찬희,중계,nan,44.9,1,1,0,1,0,0,0,3,3,1,10000027
2026,2026-04-07,20260407SSHT0,삼성,배찬승,중계,승,50.4,2,0,0,0,0,0,0,2,10,1,3976074
2026,2026-04-07,20260407SSHT0,삼성,최지광,중계,홀드,50.9,3,0,0,1,1,0,0,4,20,1,1744591
2026,2026-04-07,20260407SSHT0,삼성,임기영,중계,nan,49.9,3,0,0,1,0,0,0,4,12,1,811244
2026,2026-04-07,20260407SSHT0,KIA,양현종,선발,nan,60.900000000000006,17,2,1,2,3,1,1,21,91,1,239450
2026,2026-04-07,20260407SSHT0,KIA,김범수,중계,홀드,48.4,2,0,0,1,0,0,0,3,14,1,1110793
2026,2026-04-07,20260407SSHT0,KIA,성영탁,중계,홀드,51.4,2,0,0,0,1,0,0,2,8,1,4036535
2026,2026-04-07,20260407SSHT0,KIA,전상현,중계,패,25.4,2,4,0,1,0,5,5,7,28,1,1631324
2026,2026-04-07,20260407SSHT0,KIA,홍민규,중계,nan,23.9,1,5,1,0,1,4,4,6,16,1,3988778
2026,2026-04-07,20260407SSHT0,KIA,한재승,중계,nan,51.9,3,0,0,0,0,0,0,3,10,1,3213928
2026,2026-04-08,20260408WOOB0,키움,정세영,선발,패,37.400000000000006,12,4,0,3,1,5,3,20,76,1,9000031
2026,2026-04-08,20260408WOOB0,키움,오석주,중계,nan,51.4,6,1,0,2,1,0,0,9,28,1,2507796
2026,2026-04-08,20260408WOOB0,키움,전준표,중계,nan,33.4,0,2,0,2,0,2,2,4,15,1,3780707
2026,2026-04-08,20260408WOOB0,키움,이준우,중계,nan,49.9,3,0,0,1,0,0,0,4,17,1,4013110
2026,2026-04-08,20260408WOOB0,키움,정다훈,중계,nan,49.9,3,1,0,0,0,0,0,4,13,1,10000042
2026,2026-04-08,20260408WOOB0,두산,최민석,선발,승,62.900000000000006,17,3,0,5,6,0,0,24,98,1,4000964
2026,2026-04-08,20260408WOOB0,두산,이병헌,중계,nan,50.9,3,0,0,1,1,0,0,4,15,1,3280803
2026,2026-04-08,20260408WOOB0,두산,박신지,중계,nan,35.4,4,3,1,0,1,3,3,7,28,1,1953587
2026,2026-04-08,20260408WOOB0,두산,김택연,중계,nan,47.9,3,1,0,2,2,0,0,6,23,1,3780705
2026,2026-04-08,20260408HHSK0,한화,문동주,선발,승,49.900000000000006,15,5,1,2,4,2,2,22,92,1,3057205
2026,2026-04-08,20260408HHSK0,한화,김종수,중계,홀드,49.9,3,1,0,0,0,0,0,3,7,1,2094541
2026,2026-04-08,20260408HHSK0,한화,박상원,중계,홀드,52.9,3,0,0,0,1,0,0,3,8,1,841120
2026,2026-04-08,20260408HHSK0,한화,정우주,중계,홀드,43.9,3,2,0,2,3,1,1,7,30,1,3976071
2026,2026-04-08,20260408HHSK0,한화,김서현,중계,세,46.9,3,1,0,2,1,0,0,6,22,1,3618453
2026,2026-04-08,20260408HHSK0,SSG,최민준,선발,패,38.900000000000006,13,4,1,3,2,4,0,20,75,1,2011758
2026,2026-04-08,20260408HHSK0,SSG,김민,중계,nan,55.9,5,0,0,0,1,0,0,5,12,1,1797467
2026,2026-04-08,20260408HHSK0,SSG,이로운,중계,nan,51.9,3,1,0,0,2,0,0,4,20,1,3611909
2026,2026-04-08,20260408HHSK0,SSG,노경은,중계,nan,51.9,3,0,0,0,0,0,0,3,7,1,316925
2026,2026-04-08,20260408HHSK0,SSG,조병현,중계,nan,53.9,3,0,0,0,2,0,0,3,9,1,3057021
2026,2026-04-08,20260408KTLT0,KT,오원석,선발,패,47.400000000000006,12,6,0,1,5,3,1,20,84,1,2828629
2026,2026-04-08,20260408KTLT0,KT,손동현,중계,nan,33.9,3,3,1,1,0,2,2,7,19,1,2484614
2026,2026-04-08,20260408KTLT0,KT,주권,중계,nan,53.4,6,1,0,1,1,0,0,7,24,1,1106095
2026,2026-04-08,20260408KTLT0,KT,우규민,중계,nan,43.9,3,3,0,0,1,1,1,5,16,1,236907
2026,2026-04-08,20260408KTLT0,롯데,김진욱,선발,승,74.4,24,3,1,1,6,1,1,27,100,1,2865932
2026,2026-04-08,20260408KTLT0,롯데,최준용,중계,nan,52.9,3,0,0,0,1,0,0,3,6,1,2790445
2026,2026-04-08,20260408LGNC0,LG,웰스,선발,nan,47.400000000000006,12,4,0,4,4,2,2,20,96,1,4019624
2026,2026-04-08,20260408LGNC0,LG,배재준,중계,nan,60.4,6,0,0,0,4,0,0,6,18,1,873442
2026,2026-04-08,20260408LGNC0,LG,김진성,중계,승,43.9,3,1,1,0,1,1,1,4,12,1,687603
2026,2026-04-08,20260408LGNC0,LG,장현식,중계,홀드,40.9,3,2,1,0,0,1,1,5,16,1,925563
2026,2026-04-08,20260408LGNC0,LG,유영찬,중계,세,52.9,3,0,0,0,1,0,0,3,11,1,3611491
2026,2026-04-08,20260408LGNC0,NC,신민혁,선발,nan,61.900000000000006,15,5,0,1,4,0,0,20,88,1,2797886
2026,2026-04-08,20260408LGNC0,NC,임지민,중계,nan,36.4,2,1,1,1,0,2,2,4,15,1,3637847
2026,2026-04-08,20260408LGNC0,NC,원종해,중계,nan,49.9,1,0,0,0,1,0,0,1,5,1,10000029
2026,2026-04-08,20260408LGNC0,NC,김진호,중계,nan,48.9,3,1,0,1,1,0,0,4,25,1,1798822
2026,2026-04-08,20260408LGNC0,NC,배재환,중계,nan,46.4,2,1,0,0,1,1,1,3,8,1,1034055
2026,2026-04-08,20260408LGNC0,NC,류진욱,중계,패,30.9,1,3,1,1,0,2,2,5,24,1,1222322
2026,2026-04-08,20260408LGNC0,NC,전사민,중계,nan,52.9,3,0,0,0,1,0,0,3,9,1,2514541
2026,2026-04-08,20260408SSHT0,삼성,이승현,선발,패,-22.6,8,11,2,8,0,12,12,27,92,1,2851752
2026,2026-04-08,20260408SSHT0,삼성,장찬희,중계,nan,40.4,8,5,0,1,2,3,2,15,47,1,10000027
2026,2026-04-08,20260408SSHT0,삼성,임기영,중계,nan,54.4,8,3,0,1,3,0,0,12,46,1,811244
2026,2026-04-08,20260408SSHT0,KIA,김태형,선발,nan,20.4,10,9,1,3,1,5,5,21,88,1,4072789
2026,2026-04-08,20260408SSHT0,KIA,최지민,중계,nan,42.9,1,1,0,2,0,0,0,4,18,1,3196605
2026,2026-04-08,20260408SSHT0,KIA,조상우,중계,승,51.4,4,1,0,0,0,0,0,5,21,1,834583
2026,2026-04-08,20260408SSHT0,KIA,이태양,중계,홀드,58.9,9,1,0,0,0,0,0,10,42,1,419526
2026,2026-04-08,20260408SSHT0,KIA,한재승,중계,nan,49.9,3,1,0,0,0,0,0,4,7,1,3213928
2026,2026-04-10,20260410SKLG0,SSG,화이트,선발,패,25.90000000000001,11,8,1,4,5,5,5,23,96,1,3920646
2026,2026-04-10,20260410SKLG0,SSG,박시후,중계,nan,52.4,4,0,0,1,1,0,0,4,19,1,3238123
2026,2026-04-10,20260410SKLG0,SSG,전영준,중계,nan,27.4,0,0,0,4,0,4,4,4,20,1,3226570
2026,2026-04-10,20260410SKLG0,SSG,한두솔,중계,nan,48.4,6,2,0,1,1,1,0,10,29,1,3213242
2026,2026-04-10,20260410SKLG0,SSG,장지훈,중계,nan,52.9,3,0,0,0,1,0,0,3,8,1,2966331
2026,2026-04-10,20260410SKLG0,LG,치리노스,선발,승,48.900000000000006,15,7,0,3,2,1,1,24,87,1,3925530
2026,2026-04-10,20260410SKLG0,LG,김영우,중계,nan,53.9,3,0,0,0,2,0,0,3,13,1,3977599
2026,2026-04-10,20260410SKLG0,LG,배재준,중계,nan,44.4,2,1,0,1,1,1,1,4,20,1,873442
2026,2026-04-10,20260410SKLG0,LG,이정용,중계,nan,54.4,4,0,0,0,1,0,0,5,18,1,2795411
2026,2026-04-10,20260410SKLG0,LG,성동현,중계,nan,52.9,3,0,0,0,1,0,0,3,17,1,2259680
2026,2026-04-10,20260410NCSS0,NC,구창모,선발,nan,38.400000000000006,18,7,2,2,2,4,4,26,82,1,1222245
2026,2026-04-10,20260410NCSS0,NC,이준혁,중계,nan,46.9,1,0,0,1,0,0,0,2,10,1,3988974
2026,2026-04-10,20260410NCSS0,NC,김영규,중계,nan,49.4,2,0,0,1,1,0,0,3,14,1,2485776
2026,2026-04-10,20260410NCSS0,NC,전사민,중계,패,39.4,2,1,0,2,1,2,2,4,20,1,2514541
2026,2026-04-10,20260410NCSS0,NC,김진호,중계,nan,36.9,1,2,0,1,0,2,2,4,19,1,1798822
2026,2026-04-10,20260410NCSS0,삼성,후라도,선발,nan,52.400000000000006,18,6,1,2,4,2,1,26,97,1,3323118
2026,2026-04-10,20260410NCSS0,삼성,이승민,중계,홀드,46.9,1,0,0,1,0,0,0,2,8,1,2724622
2026,2026-04-10,20260410NCSS0,삼성,미야지,중계,홀드,47.4,2,1,0,1,1,0,0,4,11,1,10000018
2026,2026-04-10,20260410NCSS0,삼성,최지광,중계,nan,39.4,2,1,0,2,1,2,0,6,22,1,1744591
2026,2026-04-10,20260410NCSS0,삼성,이승현,중계,승,40.9,1,1,1,0,1,1,1,2,9,1,719985
2026,2026-04-10,20260410NCSS0,삼성,김재윤,중계,세,48.9,3,2,0,0,1,0,0,5,12,1,1146363
2026,2026-04-10,20260410OBKT0,두산,곽빈,선발,nan,73.4,18,1,0,4,9,0,0,23,102,1,1791887
2026,2026-04-10,20260410OBKT0,두산,양재훈,중계,nan,34.9,1,2,0,1,1,3,3,4,20,1,4011537
2026,2026-04-10,20260410OBKT0,두산,이병헌,중계,nan,40.9,1,2,0,1,1,1,1,4,16,1,3280803
2026,2026-04-10,20260410OBKT0,두산,타무라,중계,nan,48.4,4,2,0,1,1,0,0,7,31,1,10000019
2026,2026-04-10,20260410OBKT0,두산,김택연,중계,nan,52.9,3,0,0,0,1,0,0,3,14,1,3780705
2026,2026-04-10,20260410OBKT0,두산,이용찬,중계,승,48.9,3,1,0,1,1,0,0,6,16,1,314554
2026,2026-04-10,20260410OBKT0,두산,박신지,중계,nan,32.4,2,3,0,2,1,3,3,7,23,1,1953587
2026,2026-04-10,20260410OBKT0,두산,윤태호,중계,세,47.9,1,0,0,1,1,0,0,2,9,1,4078875
2026,2026-04-10,20260410OBKT0,KT,사우어,선발,nan,44.400000000000006,18,7,0,4,4,4,4,27,91,1,10000000
2026,2026-04-10,20260410OBKT0,KT,손동현,중계,nan,53.9,3,0,0,0,2,0,0,3,15,1,2484614
2026,2026-04-10,20260410OBKT0,KT,스기모토,중계,nan,53.9,3,0,0,0,2,0,0,3,16,1,10000001
2026,2026-04-10,20260410OBKT0,KT,박영현,중계,nan,51.9,3,1,0,0,2,0,0,4,17,1,3198300
2026,2026-04-10,20260410OBKT0,KT,한승혁,중계,nan,53.9,3,0,0,0,2,0,0,3,13,1,606770
2026,2026-04-10,20260410OBKT0,KT,김민수,중계,패,35.9,1,2,0,0,0,3,2,4,11,1,1501530
2026,2026-04-10,20260410OBKT0,KT,전용주,중계,nan,44.4,2,1,0,1,1,1,1,4,14,1,2488113
2026,2026-04-10,20260410LTWO0,롯데,로드리게스,선발,승,79.4,24,4,1,0,11,1,1,28,104,1,10000002
2026,2026-04-10,20260410LTWO0,롯데,최준용,중계,세,51.9,3,0,0,0,0,0,0,3,10,1,2790445
2026,2026-04-10,20260410LTWO0,키움,알칸타라,선발,패,52.400000000000006,18,10,1,0,11,3,3,27,98,1,2301546
2026,2026-04-10,20260410LTWO0,키움,박정훈,중계,nan,51.9,3,0,0,0,0,0,0,3,9,1,4011457
2026,2026-04-10,20260410LTWO0,키움,박진형,중계,nan,49.9,3,1,0,0,0,0,0,3,13,1,1614085
2026,2026-04-10,20260410LTWO0,키움,이준우,중계,nan,50.9,3,0,0,1,1,0,0,3,17,1,4013110
2026,2026-04-10,20260410HTHH0,KIA,네일,선발,승,57.900000000000006,21,6,1,0,4,3,3,26,97,1,3751352
2026,2026-04-10,20260410HTHH0,KIA,성영탁,중계,홀드,52.9,3,0,0,0,1,0,0,3,9,1,4036535
2026,2026-04-10,20260410HTHH0,KIA,정해영,중계,nan,34.9,1,1,1,1,0,2,2,3,10,1,2765633
2026,2026-04-10,20260410HTHH0,KIA,김범수,중계,세,50.4,2,0,0,1,2,0,0,3,12,1,1110793
2026,2026-04-10,20260410HTHH0,한화,에르난데스,선발,패,40.900000000000006,15,4,2,2,3,4,3,22,87,1,10000006
2026,2026-04-10,20260410HTHH0,한화,조동욱,중계,nan,52.9,3,0,0,0,1,0,0,3,6,1,3814441
2026,2026-04-10,20260410HTHH0,한화,이상규,중계,nan,50.9,3,0,0,1,1,0,0,4,15,1,2559259
2026,2026-04-10,20260410HTHH0,한화,김종수,중계,nan,39.9,1,1,1,0,0,1,1,2,6,1,2094541
2026,2026-04-10,20260410HTHH0,한화,강건우,중계,nan,48.4,2,0,0,1,0,0,0,3,17,1,10000035
2026,2026-04-10,20260410HTHH0,한화,윤산흠,중계,nan,44.4,2,2,0,0,1,1,1,4,11,1,3069686
2026,2026-04-10,20260410HTHH0,한화,박준영,중계,nan,46.9,1,0,0,1,0,0,0,1,9,1,3225253
2026,2026-04-11,20260411HTHH0,KIA,이의리,선발,nan,39.400000000000006,12,5,1,1,2,4,4,18,67,1,2851449
2026,2026-04-11,20260411HTHH0,KIA,황동하,중계,승,56.9,9,2,0,1,2,0,0,11,54,1,3639918
2026,2026-04-11,20260411HTHH0,KIA,김범수,중계,홀드,44.9,1,1,0,1,0,0,0,3,13,1,1110793
2026,2026-04-11,20260411HTHH0,KIA,성영탁,중계,세,49.9,5,2,0,0,2,1,1,7,27,1,4036535
2026,2026-04-11,20260411HTHH0,한화,왕옌청,선발,nan,64.4,18,6,0,0,5,1,1,22,85,1,10000021
2026,2026-04-11,20260411HTHH0,한화,조동욱,중계,홀드,51.9,3,0,0,1,2,0,0,4,13,1,3814441
2026,2026-04-11,20260411HTHH0,한화,정우주,중계,nan,32.4,0,2,0,1,0,3,3,3,13,1,3976071
2026,2026-04-11,20260411HTHH0,한화,박상원,중계,패,39.9,3,4,0,0,2,2,2,7,23,1,841120
2026,2026-04-11,20260411HTHH0,한화,김서현,중계,nan,52.9,3,0,0,0,1,0,0,3,10,1,3618453
2026,2026-04-11,20260411SKLG0,SSG,김건우,선발,nan,62.400000000000006,18,4,0,3,5,1,1,24,95,1,2851319
2026,2026-04-11,20260411SKLG0,SSG,김민,중계,홀드,46.9,3,1,0,1,2,1,0,6,15,1,1797467
2026,2026-04-11,20260411SKLG0,SSG,노경은,중계,패,40.9,3,2,0,1,1,2,1,5,13,1,316925
2026,2026-04-11,20260411SKLG0,LG,임찬규,선발,nan,41.900000000000006,15,10,0,2,2,2,2,26,92,1,555207
2026,2026-04-11,20260411SKLG0,LG,김진성,중계,nan,50.9,3,1,0,0,1,0,0,4,17,1,687603
2026,2026-04-11,20260411SKLG0,LG,우강훈,중계,nan,42.9,3,2,1,0,2,1,1,5,20,1,3697147
2026,2026-04-11,20260411SKLG0,LG,장현식,중계,승,53.9,3,0,0,0,2,0,0,3,13,1,925563
2026,2026-04-11,20260411SKLG0,LG,유영찬,중계,세,52.9,3,0,0,0,1,0,0,3,10,1,3611491
2026,2026-04-11,20260411NCSS0,NC,테일러,선발,패,35.900000000000006,15,5,0,6,3,5,5,24,97,1,10000020
2026,2026-04-11,20260411NCSS0,NC,배재환,중계,nan,50.9,3,1,0,0,1,0,0,4,11,1,1034055
2026,2026-04-11,20260411NCSS0,NC,김영규,중계,nan,48.9,3,0,0,2,1,0,0,5,19,1,2485776
2026,2026-04-11,20260411NCSS0,NC,원종해,중계,nan,46.9,1,0,0,1,0,0,0,2,12,1,10000029
2026,2026-04-11,20260411NCSS0,NC,임지민,중계,nan,51.4,2,0,0,0,1,0,0,2,4,1,3637847
2026,2026-04-11,20260411NCSS0,삼성,오러클린,선발,nan,31.9,9,3,0,7,3,4,4,17,70,1,10000026
2026,2026-04-11,20260411NCSS0,삼성,백정현,중계,승,54.4,6,1,0,0,0,0,0,7,21,1,299512
2026,2026-04-11,20260411NCSS0,삼성,배찬승,중계,홀드,47.9,3,1,0,1,0,0,0,5,20,1,3976074
2026,2026-04-11,20260411NCSS0,삼성,미야지,중계,홀드,51.9,3,1,0,0,2,0,0,4,21,1,10000018
2026,2026-04-11,20260411NCSS0,삼성,이승현,중계,홀드,50.9,3,1,0,0,1,0,0,4,14,1,719985
2026,2026-04-11,20260411NCSS0,삼성,김재윤,중계,세,51.9,3,0,0,0,0,0,0,3,8,1,1146363
2026,2026-04-11,20260411OBKT0,두산,잭로그,선발,패,42.400000000000006,18,9,1,0,5,5,3,28,98,1,3935293
2026,2026-04-11,20260411OBKT0,두산,김정우,중계,nan,50.9,3,1,0,1,3,0,0,5,20,1,1797508
2026,2026-04-11,20260411OBKT0,두산,윤태호,중계,nan,47.9,3,0,0,1,1,1,1,4,14,1,4078875
2026,2026-04-11,20260411OBKT0,KT,소형준,선발,승,67.9,21,4,0,2,7,2,2,26,98,1,2699592
2026,2026-04-11,20260411OBKT0,KT,스기모토,중계,nan,33.4,0,4,0,0,0,2,2,4,8,1,10000001
2026,2026-04-11,20260411OBKT0,KT,박영현,중계,세,58.4,6,0,0,0,2,0,0,6,23,1,3198300
2026,2026-04-11,20260411LTWO0,롯데,비슬리,선발,nan,66.4,18,5,0,1,7,1,1,23,92,1,10000017
2026,2026-04-11,20260411LTWO0,롯데,최이준,중계,nan,55.4,4,0,0,0,2,0,0,4,16,1,1971721
2026,2026-04-11,20260411LTWO0,롯데,박정민,중계,승,55.9,5,0,0,0,1,0,0,5,20,1,10000004
2026,2026-04-11,20260411LTWO0,롯데,최준용,중계,세,53.9,3,0,0,0,2,0,0,3,13,1,2790445
2026,2026-04-11,20260411LTWO0,키움,와일스,선발,nan,74.9,21,5,0,0,6,0,0,27,102,1,10000024
2026,2026-04-11,20260411LTWO0,키움,박정훈,중계,홀드,50.9,3,1,0,0,1,0,0,4,12,1,4011457
2026,2026-04-11,20260411LTWO0,키움,김재웅,중계,nan,44.9,3,2,0,0,0,1,1,5,14,1,2697426
2026,2026-04-11,20260411LTWO0,키움,김성진,중계,패,38.9,1,2,0,0,0,2,2,4,18,1,2966835
2026,2026-04-11,20260411LTWO0,키움,유토,중계,nan,49.4,2,1,0,0,1,0,0,3,12,1,10000005
2026,2026-04-12,20260412SKLG0,SSG,베니지아노,선발,패,34.900000000000006,13,5,0,3,2,6,4,23,103,1,10000025
2026,2026-04-12,20260412SKLG0,SSG,문승원,중계,nan,37.4,2,1,0,1,0,3,0,6,12,1,725147
2026,2026-04-12,20260412SKLG0,SSG,장지훈,중계,nan,51.4,6,1,0,2,1,0,0,9,30,1,2966331
2026,2026-04-12,20260412SKLG0,SSG,한두솔,중계,nan,47.9,3,2,0,0,0,0,0,5,14,1,3213242
2026,2026-04-12,20260412SKLG0,LG,톨허스트,선발,승,64.4,18,4,0,3,4,0,0,24,94,1,4066309
2026,2026-04-12,20260412SKLG0,LG,김영우,중계,nan,49.9,3,1,0,0,0,0,0,4,11,1,3977599
2026,2026-04-12,20260412SKLG0,LG,함덕주,중계,nan,51.9,3,0,0,0,0,0,0,3,12,1,972917
2026,2026-04-12,20260412SKLG0,LG,이정용,중계,nan,42.9,3,3,0,0,0,1,1,6,19,1,2795411
2026,2026-04-12,20260412NCSS0,NC,토다,선발,패,34.4,6,4,0,2,2,4,3,12,44,1,10000028
2026,2026-04-12,20260412NCSS0,NC,목지훈,중계,nan,38.9,5,2,0,3,0,2,2,9,35,1,3892643
2026,2026-04-12,20260412NCSS0,NC,배재환,중계,nan,47.9,1,1,0,0,1,0,0,2,10,1,1034055
2026,2026-04-12,20260412NCSS0,NC,이준혁,중계,nan,49.4,6,3,0,0,2,1,0,9,37,1,3988974
2026,2026-04-12,20260412NCSS0,NC,전사민,중계,nan,43.9,3,2,0,1,1,1,1,6,26,1,2514541
2026,2026-04-12,20260412NCSS0,NC,류진욱,중계,nan,42.9,3,2,1,0,2,1,1,5,27,1,1222322
2026,2026-04-12,20260412NCSS0,삼성,원태인,선발,nan,54.900000000000006,11,4,0,2,3,0,0,16,69,1,2485589
2026,2026-04-12,20260412NCSS0,삼성,장찬희,중계,승,41.9,7,2,2,0,2,2,2,10,36,1,10000027
2026,2026-04-12,20260412NCSS0,삼성,이승민,중계,nan,48.9,5,0,0,2,1,1,1,7,33,1,2724622
2026,2026-04-12,20260412NCSS0,삼성,배찬승,중계,nan,49.4,2,0,0,1,1,0,0,4,21,1,3976074
2026,2026-04-12,20260412NCSS0,삼성,임기영,중계,nan,50.4,2,0,0,0,0,0,0,2,7,1,811244
2026,2026-04-12,20260412OBKT0,두산,최승용,선발,패,44.400000000000006,16,5,0,2,2,5,4,23,92,1,2998539
2026,2026-04-12,20260412OBKT0,두산,타무라,중계,nan,44.4,2,2,0,0,1,1,1,4,19,1,10000019
2026,2026-04-12,20260412OBKT0,두산,김정우,중계,nan,52.9,3,0,0,0,1,0,0,3,8,1,1797508
2026,2026-04-12,20260412OBKT0,두산,박정수,중계,nan,48.9,3,1,0,1,1,0,0,4,18,1,1591976
2026,2026-04-12,20260412OBKT0,KT,보쉴리,선발,승,72.4,18,4,0,1,8,0,0,23,103,1,10000030
2026,2026-04-12,20260412OBKT0,KT,스기모토,중계,nan,49.9,3,0,0,1,0,0,0,4,14,1,10000001
2026,2026-04-12,20260412OBKT0,KT,문용익,중계,nan,40.4,0,1,0,1,0,1,1,2,11,1,3026295
2026,2026-04-12,20260412OBKT0,KT,손동현,중계,nan,49.9,3,1,0,0,0,0,0,4,14,1,2484614
2026,2026-04-12,20260412OBKT0,KT,한승혁,중계,nan,52.9,3,0,0,0,1,0,0,3,10,1,606770
2026,2026-04-12,20260412LTWO0,롯데,박세웅,선발,패,58.400000000000006,18,5,1,2,8,2,2,25,99,1,967170
2026,2026-04-12,20260412LTWO0,롯데,김원중,중계,nan,49.9,3,0,0,1,0,0,0,4,18,1,836135
2026,2026-04-12,20260412LTWO0,롯데,정철원,중계,nan,50.9,3,0,0,1,1,0,0,4,17,1,3213352
2026,2026-04-12,20260412LTWO0,키움,안우진,선발,nan,48.9,3,1,0,1,1,0,0,5,24,1,1791894
2026,2026-04-12,20260412LTWO0,키움,배동현,중계,승,73.4,18,3,0,0,5,0,0,20,78,1,2963428
2026,2026-04-12,20260412LTWO0,키움,박진형,중계,홀드,49.4,2,1,0,0,1,0,0,3,8,1,1614085
2026,2026-04-12,20260412LTWO0,키움,유토,중계,홀드,49.9,1,0,0,0,1,0,0,1,4,1,10000005
2026,2026-04-12,20260412LTWO0,키움,김재웅,중계,세,49.9,3,1,0,0,0,0,0,4,7,1,2697426
2026,2026-04-12,20260412HTHH0,KIA,올러,선발,승,52.900000000000006,15,5,0,4,7,2,2,23,92,1,3933076
2026,2026-04-12,20260412HTHH0,KIA,한재승,중계,홀드,52.9,3,0,0,0,1,0,0,3,10,1,3213928
2026,2026-04-12,20260412HTHH0,KIA,이태양,중계,nan,50.9,3,1,0,0,1,0,0,3,13,1,419526
2026,2026-04-12,20260412HTHH0,KIA,홍건희,중계,nan,45.9,3,2,0,0,1,1,0,6,23,1,606775
2026,2026-04-12,20260412HTHH0,KIA,조상우,중계,nan,52.9,3,0,0,0,1,0,0,3,12,1,834583
2026,2026-04-12,20260412HTHH0,한화,쿠싱,선발,패,44.9,9,4,0,1,3,3,3,15,64,1,10000045
2026,2026-04-12,20260412HTHH0,한화,황준서,중계,nan,41.9,1,2,0,0,0,1,1,3,10,1,3784562
2026,2026-04-12,20260412HTHH0,한화,이민우,중계,nan,53.4,4,0,0,0,0,0,0,4,15,1,1832521
2026,2026-04-12,20260412HTHH0,한화,강건우,중계,nan,47.9,1,1,0,0,1,0,0,2,7,1,10000035
2026,2026-04-12,20260412HTHH0,한화,이상규,중계,nan,47.9,3,1,0,0,1,1,0,5,11,1,2559259
2026,2026-04-12,20260412HTHH0,한화,박상원,중계,nan,33.4,2,3,0,1,0,3,3,6,28,1,841120
2026,2026-04-12,20260412HTHH0,한화,정우주,중계,nan,49.9,1,0,0,0,1,0,0,1,4,1,3976071
2026,2026-04-12,20260412HTHH0,한화,김종수,중계,nan,50.9,3,1,0,0,1,0,0,4,13,1,2094541
2026,2026-04-12,20260412HTHH0,한화,박준영,중계,nan,41.9,3,1,1,1,1,1,1,5,15,1,3225253
